,id,question,company,answer
0,1,湖南长远锂科股份有限公司变更设立时作为发起人的法人有哪些？,湖南长远锂科股份有限公司,"湖南长远锂科有限公司,五矿股份、长沙矿冶院、宁波创元、深圳安晏、尚颀颀旻、安鹏智慧、国调基金、建信投资、信石信远、华能融科、中信投资、三峡金石、伊敦基金、中启洞鉴"
1,6,云南沃森生物技术股份有限公司负责产品研发的是什么部门？,云南沃森生物技术股份有限公司,负责产品研发的部门是研发中心。
2,10,本次发行前，大连派思燃气系统股份有限公司的控股股东持有公司的多少股份？占公司总股份的多少？,大连派思燃气系统股份有限公司,本次发行前，控股股东派思投资持有公司的股份比例为56.24%，占总股本的比例为56.24%。
3,13,近三年，广东银禧科技股份有限公司总资产周转率分别为多少？,广东银禧科技股份有限公司,近三年，公司总资产周转率分别为1.84次、1.50次和1.56次。
4,15,云南沃森生物技术股份有限公司生产的A、C脑膜炎球菌多糖结合疫苗产品具有哪些较强的竞争优势？,云南沃森生物技术股份有限公司,沃森生物冻干A、C群脑膜炎球菌多糖结合疫苗在內毒素含量、游离多糖含量、多糖含量、免疫原性、异常毒性等关键指标方面高于欧洲药典标准，质量标准的提高保证了本公司冻干A、C群脑膜炎球菌多糖结合疫苗的高安全性和高有效性。此外，该产品具有较强的专利技术基础，并且在临床研究中表现出了优越性。
5,16,根据联化科技股份有限公司招股意见书，精细化工产品的通常利润率是多少？,联化科技股份有限公司,51.52%
6,17,各报告期末，江苏旷达汽车织物集团股份有限公司存货分别为多少万元？占流动资产的比例分别多少？,江苏旷达汽车织物集团股份有限公司,"各报告期末，存货分别为 9,832.60万元、8,576.59万元、6,647.27万元和4,924.58万元，占流动资产的比例分别为21.14%、17.02%、20.32%和14.15%。"
7,21,华瑞电器股份有限公司获得多少项国内专利？其中有多上项发明专利？,华瑞电器股份有限公司,"根据给定材料，获得的国内专利共有4项，其中有3项是发明专利。"
8,24,深圳信立泰药业股份有限公司注射用头孢西丁钠（信希汀、1.0克装）在2006 年、2007 年、2008 年、2009 年1-6 月的最高零售价格分别为多少？,深圳信立泰药业股份有限公司,注射用头孢西丁钠（信希汀、1.0克装）在2006年、2007年、2008年、2009年1-6月的最高零售价格分别为42.20元/盒、42.20元/盒、42.20元/盒和42.20元/盒
9,27,中国铁路通信信号股份有限公司的主要经营模式是怎样的？,中国铁路通信信号股份有限公司,公司主要从事轨道交通控制系统全产业链服务，包括提供轨道交通控制系统的设计、研发、生产、销售、安装、调试和售后服务等。此外，公司还提供工程总承包、咨询、培训等其他服务。公司实行两级经营管理模式，即公司总部及各下属企业对其执行的项目分别负责。公司总部负责制定公司整体战略规划、统筹组织和协调下属企业的经营活动、进行重大决策，并不断完善公司的经营管理制度，同时也是重大项目的管理实施主体；而公司下属子公司则负责制定本企业的经营管理制度，制定年度经营规划及目标等，同时也是其自揽项目的管理经营主体。公司存在发包及分包的业务，但不存在向外购系统的情况。同时，公司也存在采购工程系统的情况，主要包括通信系统及个别信号系统。
10,33,报告期内，武汉兴图新科电子股份有限公司来自军用领域的收入占主营业务收入的比重分别是多少？,武汉兴图新科电子股份有限公司,94.84%、97.31%、94.34%
11,34,根据武汉兴图新科电子股份有限公司招股意向书，电子信息行业的上游涉及哪些企业？,武汉兴图新科电子股份有限公司,根据招股意向书，电子信息行业的上游涉及企业较少，竞争壁垒较高，主要包括维盛网域、飞讯数码、淳中科技等企业。
12,37,广州中海达卫星导航技术股份有限公司本次募集资金主要投资哪些项目？,广州中海达卫星导航技术股份有限公司,"本次募集资金主要投资于以下几个项目：
1. 高精度 GNSS产品技改及产销扩能项目
2. 卫星定位技术研发中心建设项目
3. GNSS天线与 UHF数据链自主配套项目
4. 与主营业务相关的营运资金项目"
13,39,在2008年，东莞勤上光电股份有限公司在景观亮化半导体照明领域的市场占有率为多少？,东莞勤上光电股份有限公司,2008年，在景观亮化半导体照明领域的市场占有率为8.7%。
14,40,湖南南岭民用爆破器材股份有限公司的控股股东是谁？,湖南南岭民用爆破器材股份有限公司,湖南省南岭化工厂
15,41,在研发方面，上海真兰仪表科技股份有限公司利用哪三地的人才优势，成立研发中心，组建了“三位一体”的研发体系？,上海真兰仪表科技股份有限公司,上海、北京、西安
16,44,常熟风范电力设备股份有限公司的机器设备成新率是多少？,常熟风范电力设备股份有限公司,84.95%
17,45,2009年、2010年及2011年，海南双成药业股份有限公司销售费用分别为多少？,海南双成药业股份有限公司,"2009年销售费用为28,215,041.41元，2010年销售费用为30,832,735.12元，2011年销售费用为45,932,424.28元。"
18,46,内蒙古君正能源化工股份有限公司的法定代表人是谁？,内蒙古君正能源化工股份有限公司,杜江涛
19,47,联化科技股份有限公司的主营业务包括哪两部分？,联化科技股份有限公司,主营业务包括医药中间体和农药中间体系列产品。
20,49,读者出版传媒股份有限公司的主要纸张供应商有哪些？,读者出版传媒股份有限公司,东营华泰清河实业有限公司、中冶美利纸业股份有限公司、山东华泰纸业股份有限公司和岳阳林纸股份有限公司
21,50,2014年大连派思燃气系统股份有限公司经营业绩下降的主要原因是什么？,大连派思燃气系统股份有限公司,2014年公司经营业绩下降的主要原因是在销售收入下降的情况下，由于增压站 (配压缩机) 业务的销售收入下降明显，导致主营业务利润减少。同时，虽然其他产品销售收入有所增加，但未能弥补增压站 (配压缩机) 销售收入下降的影响，最终导致总收入和净利润的下降。
22,51,2005年、2006年和2007年，宁波立立电子股份有限公司所获政府补助计入当期损益的金额分别占当年利润总额的比例是多少？,宁波立立电子股份有限公司,2005年：29005157.06/4767128.84=60.72% 2006年：13675236.82/5049116.58=27.08% 2007年：13675236.82/5891129.06=23.19%
23,59,森赫电梯股份有限公司的主营业务是什么？,森赫电梯股份有限公司,根据给定材料，公司的主营业务包括国内销售和国外销售两部分。国内销售主要包括华东、华中、华北、西南和西北地区的销售收入，其中华东地区占比最高，为26.36%，其次是华中地区，占比为17.93%。国外销售主要采用美元结算，产品策略为针对低总价和高性价比的市场需求，销售策略包括通过网络媒体、国内政府外贸主管部门推荐等方式拓展海外市场。
24,60,多晶硅成本约占宁波立立电子股份有限公司2007年度产品原材料成本的多大比例？,宁波立立电子股份有限公司,多晶硅成本约占2007年度产品原材料成本的28.86%。
25,67,森赫电梯股份有限公司是否有技术创新方面的认定称号？是什么？,森赫电梯股份有限公司,技术创新方面的认定称号：发明專利
26,69,珠海健帆生物科技股份有限公司的哪些产品被认定为广东省高新技术产品？,珠海健帆生物科技股份有限公司,一次性使用血液灌流器、一次性使用血浆胆红素吸附器、DNA免疫吸附柱、血液灌流机被认定为广东省高新技术产品。
27,72,深圳信立泰药业股份有限公司专门的研发机构信立泰技术中心工作人员中，多大比例的人员为本科以上学历？,深圳信立泰药业股份有限公司,70.45%
28,73,新疆浩源天然气股份有限公司2012 年1-6 月的营业毛利为多少，综合毛利率为多少？,新疆浩源天然气股份有限公司,"2012年1-6月的营业毛利为61,447,808.74元，综合毛利率为57.82%。"
29,78,中国铁路通信信号股份有限公司提供轨道交通控制系统全产业链上的产品及服务，主要业务包括哪些？,中国铁路通信信号股份有限公司,"轨道交通控制系统全产业链上的产品及服务主要包括设计集成、设备制造和系统交付三部分。
其中，设计集成主要包括提供轨道交通控制系统相关产品的系统集成服务及为轨道交通工程为主的项目建设提供设计和咨询服务；设备制造主要包括生产和销售信号系统、通信信息系统产品及其他相关产品；系统交付主要包括轨道交通控制系统项目施工、设备安装及维护服务。"
30,81,报告期内确成硅化学股份有限公司 _出口退税率为多少？,确成硅化学股份有限公司,13.00%
31,84,除浙江双飞无油轴承股份有限公司外，具有规模的自润滑轴承生产企业还有哪些？,浙江双飞无油轴承股份有限公司,浙江长盛滑动轴承股份有限公司、浙江中达精密部件股份有限公司
32,85,深圳信立泰药业股份有限公司主营业务是什么？,深圳信立泰药业股份有限公司,心血管类药物、头孢类抗生素制剂、头孢类抗生素原料、其他产品
33,88,湖南南岭民用爆破器材股份有限公司的传统市场是哪里？,湖南南岭民用爆破器材股份有限公司,湖南省市场、省外市场（含铁路及水电等国家重点工程）、外贸市场（主要出口地为东南亚）
34,91,广州中海达卫星导航技术股份有限公司收购的对象中海达测绘的全称是什么？截至该次股权收购前，其注册资本为多少？,广州中海达卫星导航技术股份有限公司,截至该次股权收购前，中海达测绘的注册资本为800万元。
35,93,根据华瑞电器股份有限公司招股意见书，截至2016年12月31日，宁波胜克总资产为多少万元？,华瑞电器股份有限公司,4316.00
36,94,近三年，广东银禧科技股份有限公司存货周转率分别是多少？,广东银禧科技股份有限公司,近三年，存货周转率分别为 9.88 次、7.75 次和 6.00 次。
37,95,武汉兴图新科电子股份有限公司参与制定了哪个技术标准？,武汉兴图新科电子股份有限公司,某视 音频技术规范 1.0
38,96,西安启源机电装备股份有限公司的核心产品铁芯剪切设备的收入比重从2007年度和2009年度分别为多少？,西安启源机电装备股份有限公司,59.80%
39,97,报告期内，湖南国科微电子股份有限公司2014年度、2015年度、2016年度营业收入和净利润分别较上年增长多大幅度？,湖南国科微电子股份有限公司,2014年度、2015年度、2016年度营业收入分别较上年增长180.83%、36.71%、39.02%，净利润分别较上年增长34.39%、27.92%、39.02%。
40,105,昇兴集团股份有限公司本次发行的拟上市证券交易所是？,昇兴集团股份有限公司,深圳证券交易所
41,106,2015年度和2016年度，深圳市超频三科技股份有限公司净利润分别同比增长多少？,深圳市超频三科技股份有限公司,"2015年度净利润增长率为：(49272115.44-47310135.45)/47310135.45=3.96%
2016年度净利润增长率为：(54608964.25-49272115.44)/49272115.44=10.86%"
42,112,上海真兰仪表科技股份有限公司实际持有的罗德精密的初始工商登记发起人有哪些？,上海真兰仪表科技股份有限公司,真兰仪表、朵越实业、汪顺来、叶小容
43,113,华瑞电器股份有限公司，宁波胜克2016年度实现净利润为多少万元？,华瑞电器股份有限公司,"根据给定材料，宁波胜克2016年度实现净利润为963,770.31 + 187,084.82 = 1,150,855.13元。"
44,121,在2010年，东莞勤上光电股份有限公司在户外半导体照明领域的市场占有率为多少？,东莞勤上光电股份有限公司,根据给定材料，2010年中国的户外半导体照明市场规模为17.01亿元，而半导体照明产品市场规模为7.66亿元。因此，在2010年，户外半导体照明领域的市场占有率约为22.3%。
45,125,报告期内，汉嘉设计集团股份有限公司期末应收账款相对较高的原因是什么？,汉嘉设计集团股份有限公司,公司提供设计服务的项目建设周期较长，受此影响，公司应收账款结算周期较长，从而导致应收账款规模有所增加。同时，公司主要从事住宅、酒店、写字楼、学校、医院、商业综合体、客运车站、展览中心 、政府公共机构、产业园区 、公共园林景观 等建筑设计业务，其服务的项目存在建设周期长的特点，且存在由于规划调整、市场调控等因素引致建设周期延长的情况，受此影响，公司应收账款结算周期较长，从而导致应收账款规模有所增加。此外，公司下游客户主要为政府机构、品牌房地产公司、各类事业单位等，此类客户付款审批流程相对较长，且其付款进度往往受其资金规划安排、上级政府或主管部门拨款情况等相关因素影响，因此公司收款滞后于合同约定付款期，从而导致报告期内公司应收账款余额的增加。综上所述，公司期末应收账款相对较高主要是由于公司业务的性质和客户结构所导致的。
46,126,上海真兰仪表科技股份有限公司2020年增资后的投后估值是多少？,上海真兰仪表科技股份有限公司,"2020年增资后的投后估值是120,000万元。"
47,129,截至2020年12月31日，湖南长远锂科股份有限公司的控股股东是谁？通过何种方式持有公司多少股权？,湖南长远锂科股份有限公司,截至2020年12月31日，公司的控股股东是中国五矿集团，通过直接或间接的方式持有公司的股份。
48,131,深圳市铁汉生态环境股份有限公司的主营业务是什么？,深圳市铁汉生态环境股份有限公司,公司的主营业务包括生态环境建设工程施工和景观设计服务。其中，生态环境建设工程施工业务包括生态修复工程和园林绿化工程。此外，公司还从事景观设计服务。
49,132,深圳市超频三科技股份有限公司生产产品所需的主要直接材料有哪些？,深圳市超频三科技股份有限公司,铝挤压工艺、单片冲压工艺、芯片散热器扣片式加工制造、芯片散热器堆叠式加工制造、片材成型加工、模具组合化加工制造等
50,133,报告期内，确成硅化学股份有限公司对外销售的部分硫酸产品是什么规格？,确成硅化学股份有限公司, 报告期内，对外销售的部分硫酸产品包括92.5%、98%、105%三种规格。
51,134,森赫电梯股份有限公司与哪些高等教育机构开展合作？,森赫电梯股份有限公司,合作单位包括：清华大学（信息技术研究院）和浙江大学。
52,135,西安启源机电装备股份有限公司董事是谁？,西安启源机电装备股份有限公司,赵某
53,136,2017年1-6月，大博医疗科技股份有限公司向前10名客户的销售额合计占当期营业收入的比例是多少？,大博医疗科技股份有限公司,"7,946,105.65
29.44%"
54,140,南京中电联环保股份有限公司的经营范围是？,南京中电联环保股份有限公司,根据给定材料，该公司的经营范围包括水处理系统的研发、设计、制造、销售及服务，主要应用于火电、核电、石化、煤化工等领域。同时，该公司也提供其他配套产品和技术支持服务。因此，可以得出该公司的经营范围是水处理系统及相关产品的研发、设计、制造、销售及服务。
55,144,青海互助青稞酒股份有限公司的主营业务是什么？,青海互助青稞酒股份有限公司,公司的主营业务是青稞酒的研发、生产和销售。
56,146,湖南国科微电子股份有限公司业务分为哪些产品线？,湖南国科微电子股份有限公司,产品线包括：广播电视系列芯片产品、智能视频监控系列芯片产品、固态存储系列芯片产品、物联网系列芯片。
57,148,珠海健帆生物科技股份有限公司的核心技术产品有哪些？,珠海健帆生物科技股份有限公司,一次性使用血液灌流器、一次性使用血浆胆红素吸附器、DNA免疫吸附柱
58,149,湖南长远锂科股份有限公司所属细分子行业是什么？,湖南长远锂科股份有限公司, 正极材料
59,155,浙江开尔新材料股份有限公司主要消耗的能源是什么？,浙江开尔新材料股份有限公司, 搪瓷波纹板传热元件主要用于燃煤电厂的烟气脱硫和空气预热器中，所以主要消耗的能源是燃煤。
60,157,云南沃森生物技术股份有限公司的第一个产品是什么？何时上市？,云南沃森生物技术股份有限公司,第一个产品是冻干A、C群脑膜炎球菌多糖结合疫苗，于2009年9月上市。
61,160,湖南南岭民用爆破器材股份有限公司技术中心现有多少研发人员？其中具有高级职称和中级职称的人员分别有多少人？,湖南南岭民用爆破器材股份有限公司,技术中心现有研发人员38人，其中具有高级职称人员6人，中级职称18人。
62,163,常熟风范电力设备股份有限公司的主营业务是什么？ 是否在报告期内发生重大变化？,常熟风范电力设备股份有限公司,根据给定材料，该企业的主营业务是角钢塔、钢管塔和变电构支架，产品主要用于输电线路建设和变电站建设等。其中，角钢塔是该企业最主要的收入来源，占比超过90%。企业在行业内具有较高的生产规模和经验，拥有领先的生产能力和技术实力。同时，该企业的关联企业还包括从事电力工程设计、安装和维护等业务的公司。
63,164,联化科技股份有限公司目前的主要产品是什么？,联化科技股份有限公司, 公司目前的主要产品包括医药中间体和农药中间体系列产品。
64,165,依据招股意向书，常熟风范电力设备股份有限公司本次发行股票数量是多少？,常熟风范电力设备股份有限公司,"5,490万股"
65,169,根据大连派思燃气系统股份有限公司招股意向书，预计到2030年，天然气发电用气在天然气消费结构中的比例将上升到多少？,大连派思燃气系统股份有限公司,根据给定材料回答问题：根据《天然气发展“十三五”规划》，预计到2020年，天然气发电用气在天然气消费结构中的比例将达到10%。
66,171,青海互助青稞酒股份有限公司主要困难是什么？,青海互助青稞酒股份有限公司, 企业发展面临诸多挑战，包括消费结构多元化、消费环境的影响、行业技术水平、周期性、区域性和季节性等。此外，税收优惠政策的变化也可能对企业的经营产生影响。
67,172,广州中海达卫星导航技术股份有限公司的子公司中海达测绘的主营业务是什么？,广州中海达卫星导航技术股份有限公司,广州市中海达测绘仪器有限公司的主营业务是双频 GPS 接收机、单频静态 GPS 接收机及未列入前置审批的测绘仪器及相关软件的研发、生产、销售及服务（在《中华人民共和国制造计量器具许可证》有效期内从事经营）；货物进出口、技术进出口。
68,174,兰州海默科技股份有限公司的主营业务有何季节性特征？,兰州海默科技股份有限公司,公司主营业务呈明显的季节性特征，即上半年形成的主营业务收入明显低于下半年的金额，占全年营业收入的比重较小；同时，由于公司的期间费用在全年基本是平均支出，因此导致上半年净利润占全年净利润的比重更小。过去三年中，公司上半年主营业务收入占全年主营业务收入的平均百分比为38.69%，上半年净利润占全年净利润的平均百分比为26.12%。
69,175,汉嘉设计集团股份有限公司法定代表人是谁？,汉嘉设计集团股份有限公司,吴承根
70,179,湖南国科微电子股份有限公司的主营业务是什么？,湖南国科微电子股份有限公司,电子元器件、集成电路、光电产品、半导体、太阳能产品、仪表配件、数字电视播放产品及通讯产品的技术开发与销售；电子产品 的技术开发、技术咨询；信息技术的开发；计算机、计算 机软硬件及辅助设备的销售；软件和信息技术服务业；互联网和相关服务；国内贸易（不含专营、专控、专卖商品） ；经营进出口业务（法律、行政法规、国务院决定禁止的项目除外，限制的项目须取得许可后方可经营） ；企业管理咨询（不含限制项目） ；在网上从事商务活动及咨询业务 （不含限制项目） ； 从事广告业务 （法律法规、国务院规定需另行办理广告经营审批的，需取得许可后方可经营）。
71,182,江苏爱康太阳能科技股份有限公司拥有的参股子公司是哪些？,江苏爱康太阳能科技股份有限公司,爱康新材料、佛山同兴、广东爱康、爱康建材、爱康农业、中小企业投资、广发信德投资、联合创展投资、中大一号投资、佛山拓展创投、佛山创业、苏州利川投资、上海欧雨斯、奇珑吉贸易、江阴佳顺
72,184,西安启源机电装备股份有限公司专用设备销售价格波动的主要原因是什么？,西安启源机电装备股份有限公司,公司专用设备销售价格波动的主要原因是公司产品均属于订制化产品，其功能和规格随客户的需求而变动，每台设备几乎都具有差异性，从而造成价格上的差异。不同规格产品销售结构的变化是造成同类产品不同期间价格变化的主要原因。
73,185,从长期来看，影响烟台杰瑞石油服务集团股份有限公司所处行业景气程度的因素有哪些？,烟台杰瑞石油服务集团股份有限公司,"影响所处行业景气程度的因素有：
1. 石油天然气勘探开发支出的增长；
2. 政策变动的影响；
3. 国际能源署预测的世界能源基础设施方面的投资金额。"
74,186,北京天宜上佳高新材料股份有限公司外购件有哪些？,北京天宜上佳高新材料股份有限公司,"以下是外购件的信息：
序号 供应商名称 经营范围 主要采购内容 是否为前五大供应商 2018年 2017年 2016年 
2 天津晟宇汽车零部件有限公司 汽车及火车零部件、金属制品、散热器加工、销售；普通货运 钢背、三角托、小钢背 是 是 是 
3 上海维通电气自动化工程有限公司 电气自动化控制系统设备制造、安装、调试、维修；机电成套设备、机械结构件、液压系统、五金、钣金、冷作制作、加工、安装、维修（以上限分支机构经营）；计算机硬件系统开发、销售；机电设备批发兼零售 卡簧、弹簧垫 是 是 是"
75,189,浙江双飞无油轴承股份有限公司目前的主要产品应用在哪些下游领域？,浙江双飞无油轴承股份有限公司, 汽车制造、船舶制造、工程机械等
76,194,昇兴集团股份有限公司的主要产品是什么？其主要原材料是什么？,昇兴集团股份有限公司," 
公司主要产品包括马口铁三片罐和二片易拉罐。其中，马口铁三片罐经过多年的开发与完善，其制造技术已经成熟，达到国内领先水平，而二片易拉罐的制造技术也已经成熟。此外，公司还从事铝质两片罐的生产，其中泉州分公司铝质两片罐生产线已经于2013年6月建成投产，而安徽昇兴铝质两片罐生产线则于2015年1月建成并进入试机阶段。因此，公司的主要原材料包括马口铁、铝等。"
77,197,新疆浩源天然气股份有限公司从事的业务具有较为明显的区域性特征，主要体现在什么方面？,新疆浩源天然气股份有限公司,公司主要从事天然气输配和销售业务，由于城市燃气特许经营权通常期限较长且具有排他性，因此公司业务的区域扩张将受到较大限制，主要业务集中在南疆地区，包括阿克苏市、阿克苏经济技术开发区、阿克苏纺织工业城（开发区） 、阿瓦提县、乌什县和拜城县重化工工业园区、克州地区的阿合奇县、喀什地区巴楚县及克孜勒苏柯尔克孜自治州的阿合奇县等县市。因此，公司从事的业务具有较为明显的区域性特征。
78,199,宁波立立电子股份有限公司本次发行多少股？,宁波立立电子股份有限公司,2000万股
79,200,截至2011年，内蒙古君正能源化工股份有限公司正在从事的研发项目有哪些？,内蒙古君正能源化工股份有限公司, 正在从事的研发项目包括利用电石炉尾气综合利用项目和利用硅铁炉尾气余热利用项目。
80,202,大连派思燃气系统股份有限公司在哪些年份获得了美国GE公司的奖项？,大连派思燃气系统股份有限公司,2008年获得美国GE公司的最佳新供货商奖，2010年获得美国GE公司的最佳供货质量奖。
81,206,森赫电梯股份有限公司境外销售的获客方式有哪些？,森赫电梯股份有限公司,境外销售的获客方式包括：通过使领馆推介获取相关客户资源。
82,207,武汉兴图新科电子股份有限公司计划使用本次发行募集资金的多少用于补充流动资金？,武汉兴图新科电子股份有限公司,"40,584.83"
83,208,烟台杰瑞石油服务集团股份有限公司在成立以来业务范围如何扩展？,烟台杰瑞石油服务集团股份有限公司,根据给定材料，该公司成立以来业务范围不断扩展，从一开始主要从事油田、矿山设备的维修改造以及配件销售业务，逐步进入油田专用设备制造领域和海上油田钻采平台工程作业服务业务。目前，油田专用设备制造业务已经成为公司重要的增长引擎，而海上油田钻采平台工程作业服务业务则是公司未来发展的重要支撑和战略发展方向。
84,209,截至本招股意向书签署日，浙江开尔新材料股份有限公司的全资子公司是哪些？,浙江开尔新材料股份有限公司,截至招股意向书签署日，公司的全资子公司包括杭州临安博世达环保科技有限公司和广州绿野环境工程有限公司。
85,215,针对欧盟的REACH法规，联化科技股份有限公司计划采取哪些应对措施？,联化科技股份有限公司,"针对欧盟的REACH法规，计划采取以下应对措施：
1. 与欧盟进口方协商，由欧盟进口方负责产品注册；
2. 公司与国内同类工厂联合注册，共同承担费用；
3. 指定一个欧盟的唯一代理注册。由于2008年6月1日预注册开始，国内企业目前也正在积极研究应对措施，公司将及时跟踪相关信息，届时将根据成本和效益原则，确定需要预注册的产品。"
86,217,在燃煤电厂脱硫工程、空气预热器领域，除浙江开尔新材料股份有限公司外，还有哪些主要的竞争企业？,浙江开尔新材料股份有限公司,"  
目前，该领域呈现内外资并存、竞争较为充分格局。除本公司外，行业内主要企业有豪顿集团、 无锡巴克杜尔、 阿尔斯通技术服务、 河北郁宏和哈尔滨天路，他们的基本情况如下：（1）英国豪顿集团（2）无锡巴克杜尔（3）阿尔斯通技术服务（4）河北郁宏搪瓷有限公司（5）哈尔滨天路搪瓷制品有限责任公司"
87,220,根据招股意向书，预计昇兴集团股份有限公司2015年1-3月实现净利润的范围是？,昇兴集团股份有限公司,"根据给定材料回答问题：根据招股意向书，预计2015年1-3月实现净利润的范围是？109,574,464.85元"
88,222,2012年、2013年、2014年，昇兴集团股份有限公司应收账款周转率分别为多少？,昇兴集团股份有限公司,7.57、9.40、8.52
89,226,宁波立立电子股份有限公司实际控制人是谁？,宁波立立电子股份有限公司,王敏文、陈茶花夫妇。
90,230,报告期内大博医疗科技股份有限公司涉诉产品销售收入占公司总营收的比例是多少？,大博医疗科技股份有限公司,0.41%
91,231,深圳市超频三科技股份有限公司募集资金的散热器生产基地建设项目建设地在哪里？,深圳市超频三科技股份有限公司, 惠州市东江高新科技产业园
92,239,南京中电联环保股份有限公司科研带头人是？,南京中电联环保股份有限公司,科研带头人是：林慧生
93,240,湖南南岭民用爆破器材股份有限公司拥有的核心技术有哪些？,湖南南岭民用爆破器材股份有限公司, ①提高产品生产、使用安全性技术； ②增强产品储存稳定性技术； ③改性铵油炸药工艺方法技术。
94,243,森赫电梯股份有限公司产品生产材料是什么？,森赫电梯股份有限公司,公司产品主要包括电梯和自动扶梯/自动人行道两大类。其中，电梯又分为乘客电梯、载货电梯、既有建筑加装电梯、观光电梯、病床电梯和家用电梯等多种类型；自动扶梯和自动人行道也有多种型号和应用场景。此外，公司还提供杂物电梯和消防电梯等特殊用途的产品。在研发方面，公司有专门的科技项目评审小组对研发立项申请进行评审，并根据研发项目的需要领料进行试制，试制完成后会对零部件进行分类处理，部分可以后续配置至产品使用的零部件会进行入库处理，而多余材料则会办理退库手续或者作为废料处理。同时，公司也制定了相关的内控制度以加强产品开发项目管理。在财务方面，公司近年来的利息收入逐渐增长，而由于汇率波动的影响，公司的汇兑损益也有所变化。
95,244,本次新疆浩源天然气股份有限公司募集资金投资项目有哪些？,新疆浩源天然气股份有限公司,"本次募集资金投资项目包括：
1. 阿克苏市天然气综合利用二期工程
2. 阿克苏经济技术开发区天然气利用工程
3. 喀什地区巴楚县天然气利用工程"
96,246,在本招股意见书签署的未来两年，新疆浩源天然气股份有限公司在城市管网总长度方面将主要完成的经营目标是什么？,新疆浩源天然气股份有限公司,在本招股意见书签署的未来两年，在城市管网总长度方面将主要完成的经营目标是：新增城市管网长度40公里，总长度达到120公里。
97,249,内蒙古君正能源化工股份有限公司的注册时间是什么日期？注册资本是多少元？,内蒙古君正能源化工股份有限公司,"2009年2月12日，注册资本是2,500万元。"
98,258,昇兴集团股份有限公司因租赁厂房存在经营风险的下属企业是什么？,昇兴集团股份有限公司,因租赁厂房存在经营风险的下属企业是中山昇兴。
99,259,报告期内，华瑞电器股份有限公司人工成本占主营业务成本的比例分别为多少？,华瑞电器股份有限公司,人工成本占主营业务成本的比例分别为8.62%，19.17%，22.91%，20.40%，28.20%，34.09%。
100,260,报告期内，武汉兴图新科电子股份有限公司来自军用领域的收入分别是多少？,武汉兴图新科电子股份有限公司,来自军用领域的收入分别是4627.14万元，18780.67万元，14414.16万元，4904.71万元。
101,261,内蒙古君正能源化工股份有限公司的董事会成员是谁？,内蒙古君正能源化工股份有限公司,董事会成员包括：杜江涛、黄辉、苏钢、王尔慈、杜江波、卢信群、周春生、魏素艳和梁军。
102,262,报告期内，深圳市超频三科技股份有限公司制造费用占主营业务成本比例分别为多少？,深圳市超频三科技股份有限公司,制造费用占主营业务成本比例分别为 14.91%、16.24%和16.18%。
103,265,西安启源机电装备股份有限公司控股子公司是谁？公司持有其多少的股份？,西安启源机电装备股份有限公司,"中机国际（西安）系统工程有限责任公司 同一控股股东 机械工业深圳设计研究院 同一控股股东 机械工业部第七设计院上海分院 同一控股股东 （3）实际控制人控制的企业 中新国际（香港）有限公司 同一实际控制人 新时代联合贸易有限公司 同一实际控制人 新时代工程咨询有限公司 同一实际控制人 新时代新材料开发公司 同一实际控制人 新时代资产管理有限公司 同一实际控制人 新时代置业有限公司 同一实际控制人 中国地质工程集团公司 同一实际控制人 新时代集团国防科技研究中心 同一实际控制人 新时代健康产业（集团）有限公司 同一实际控制人 新时代民爆科技集团股份有限公司 同一实际控制人 新时代保险经纪有限公司 同一实际控制人 新时代国际展览有限公司 同一实际控制人 中和招标有限公司 同一实际控制人 中国新时代科技有限公司 同一实
际控制人 控制的企业， 持有公司股份超过 5%的主要股东的基本情况详参见本招股意向书第五节“发行人基本情况”之“四、发行人控股、参股子公司的情况”和“五、发行人主要股东及实际控制人的基本情况”的相关内容。 公司其他关联自然人的具体内
容详见招股意向 书“第八节 董事、监事、高级管
理人员与其他核心人员”的相关内容。"
104,267,确成硅化学股份有限公司的子公司无锡东沃经营范围是？,确成硅化学股份有限公司, 子公司无锡东沃利用制酸余热产生蒸汽发电，所产电力和蒸汽供给母公司确成硅化生产使用。
105,272,窦剑文先生持有兰州海默科技股份有限公司多少股权？,兰州海默科技股份有限公司,"窦剑文先生持有14,747,520股，占总股本的30.724%。"
106,276,2014年度、2015年度以及2016年度湖南国科微电子股份有限公司向前五大客户销售的金额占同期营业收入的比例分别是多少？,湖南国科微电子股份有限公司,"2014年度、2015年度以及2016年度向前五大客户销售的金额占同期营业收入的比例分别是：
2014年度：27.32%
2015年度：34.74%
2016年度：37.76%"
107,277,截至2014 年12 月31 日，读者出版传媒股份有限公司共有员工多少人？,读者出版传媒股份有限公司,572
108,279,2020年10月6日，上海真兰仪表科技股份有限公司的注册资本由多少增加到多少？,上海真兰仪表科技股份有限公司,"2020年10月6日，的注册资本由33,600,000元增加到44,800,000元。"
109,285,华达汽车科技股份有限公司在高效电池正极材料领域的技术水平如何？掌握了哪些技术？,华达汽车科技股份有限公司,新能源汽车产业发展迅速，2015年全国新能源汽车生产量和销售量分别增长了3.3倍和3.4倍，已经成为全球最大的新能源汽车市场。2016年，新能源汽车产量将继续保持高增长态势，这得益于政府的支持政策和不断发展的电池产业。此外，2015年国内新能源汽车保有量已经超过50万辆，表明市场对于新能源汽车的需求正在不断增加。同时，政府还在加大对充电设施的投资，以提高新能源汽车的使用便利性。总体来说，新能源汽车的发展前景十分乐观。
110,286,浙江开尔新材料股份有限公司实际控制人承诺如何处理因未执行社会保险及住房公积金制度而产生的损失或义务？,浙江开尔新材料股份有限公司,根据给定材料，实际控制人在2010年9月17日承诺：“如因发行人或子公司未执行社会保险及住房公积金制度而产生的损失或义务，将由其承担，保证发行人和子公司不因此遭受任何损失。”因此，可以依据给定材料回答问题。
111,287,报告期内，山东海看网络科技有限公司的IPTV用户数量如何变化？截至报告期各期末 IPTV业务用户数为多少？,海看网络科技（山东）股份有限公司,"根据给定材料，可以得出以下信息：
2019-2021年，山东海看网络科技有限公司的IPTV用户数分别为1487.58万户、1414.77万户和1332.63万户，逐年下降。因此，答案为“下降”。"
112,288,报告期内山东海看网络科技有限公司因进行宣传和活动策划活动共产生的业务宣传费为多少？,海看网络科技（山东）股份有限公司,根据给定材料，山东海看网络科技有限公司因进行宣传和活动策划活动共产生的业务宣传费为7.96万元。
113,290,2015年度和2016年度，深圳市超频三科技股份有限公司营业收入分别同比变动多少？,深圳市超频三科技股份有限公司,2015年度营业收入相比2014年度减少了19.68%，2016年度营业收入相比2015年度增加了2.92%。
114,292,报告期内，山东海看网络科技有限公司主营业务是什么？,海看网络科技（山东）股份有限公司, 山东海看网络科技有限公司的主营业务主要包括IPTV业务和移动媒体平台服务业务，其中IPTV业务为主要收入来源。IPTV业务是通过电信运营商虚拟专网传输，向电视终端家庭用户提供多种视听节目服务，包括直播、点播、时移、回看、智能推荐等功能。移动媒体平台服务业务则是与咪咕视讯、咪咕数字、山东长城宽带等客户合作，提供手机视频、手机阅读、听书等内容服务业务。此外，公司还提供内容服务业务，主要包括“爱宠说”和“中医说”等相关版权内容作品。
115,293,根据招股意向书，2015年国家下调天然气价格后，对大连派思燃气系统股份有限公司未来经营活动的影响是什么？,大连派思燃气系统股份有限公司, 天然气价格的下调将有利于新建或改建燃气电厂的建设，降低燃料成本，提高燃气电厂的运行效率。此外，随着天然气供应量的增加，也将有助于推动燃气电厂等重点项目的投资建设。因此，天然气价格的下调将对燃气电厂的建设和运行产生积极影响。
116,294,青海互助青稞酒股份有限公司的实际控制人是谁？共有几人？,青海互助青稞酒股份有限公司,李银会，共有两人。
117,302,广州中海达卫星导航技术股份有限公司的国内营销网络有多少个办事处和几家分公司？多少营销服务人员？,广州中海达卫星导航技术股份有限公司,国内营销网络有20多个办事处和20多家分公司，营销服务人员有240多人。
118,303,根据东莞勤上光电股份有限公司招股意向书，全球率先整体用LED路灯替换传统路灯的案例是？,东莞勤上光电股份有限公司,全球率先整体用LED路灯替换传统路灯的案例是“扬州”市。
119,304,中国铁路通信信号股份有限公司本次发行前总股本为多少？本次发行后本公司总股本为多少？,中国铁路通信信号股份有限公司,本次发行前总股本为2890839670股，本次发行后本公司总股本为不超过10589819000股。
120,305,什么公司、在何时与浙江双飞无油轴承股份有限公司发生了产品争议事项？产品争议事项是否已经解决？,浙江双飞无油轴承股份有限公司,周引春、顺飞投资与发行人之间不存在关联关系。
121,306,深圳信立泰药业股份有限公司本次募集资金项目拟投资总额为多少？,深圳信立泰药业股份有限公司,"本次募集资金项目拟投资总额:52,075.70万元"
122,312,森赫电梯股份有限公司获得多少项国内专利？其中有多上项发明专利？,森赫电梯股份有限公司,获得17项国内专利，其中有4项发明专利。
123,314,江苏爱康太阳能科技股份有限公司注册资本是多少？,江苏爱康太阳能科技股份有限公司,"27,000,000.00"
124,316,常熟风范电力设备股份有限公司在报告期内的资产总额及逐年变化趋势如何？,常熟风范电力设备股份有限公司, 报告期内，随着公司经营规模的扩张，资产总额的规模逐年上升。
125,318,新疆浩源天然气股份有限公司的主要业务是什么？,新疆浩源天然气股份有限公司,公司的主要业务是提供天然气输配服务以及燃气管道安装工程服务。
126,320,大连派思燃气系统股份有限公司在何时获得美国GE公司的合格供应商认证？,大连派思燃气系统股份有限公司, 2009年获得中国华电集团公司招标与采购网授予的《电厂级供应商会员证书》。
127,322,青海互助青稞酒股份有限公司报告期内面临的最重要风险因素是什么？,青海互助青稞酒股份有限公司,公司面临的重要风险因素包括：产业政策风险、相对依赖单一市场的风险、十一、环境保护风险、十二、主营业务收入受季节性因素影响的风险、十三、募集资金运用项目的市场风险、十四、新增固定资产折旧对业绩增长造成的风险、五、主要原材料青稞及主要包装物价格波动及供应短缺的风险、六、自然生态环境风险、七、品牌风险。其中，产业政策和市场竞争环境的变化可能会对公司的经营产生影响，而公司主要业务集中于西藏地区，若该地区的市场环境发生变化，将对公司业绩造成影响。同时，由于环保要求的提高和环保政策的实施，公司可能需要投入更多的资金和精力来进行环保工作，从而影响公司的盈利能力。此外，由于公司所处行业的特点，公司面临着一定的季节性风险，以及募集资金运用项目的风险等。
128,324,截至2016年6月30日，华达汽车科技股份有限公司及子公司共有技术研发人员多少人？技术研发人占员工总人数的多大比例？,华达汽车科技股份有限公司,截至2016年6月30日，公司共有技术研发人员345人，占员工总人数的12.86%。
129,328,2007年度、2008年度、2009年度，杭州中恒电气股份有限公司的加权平均净资产收益率分别是多少？,杭州中恒电气股份有限公司,2007年度、2008年度、2009年度的加权平均净资产收益率分别是24.93%、24.13%、24.42%。
130,332,森赫电梯股份有限公司产品的材料成本占整梯生产成本的多大比例？,森赫电梯股份有限公司,产品成本主要由直接材料成本构成， 直接材料成本占整梯生产成本的91.34%。
131,333,2007年、2008年、2009年、2010年1-6月，南京中电联环保股份有限公司收到的增值税返还分别为多少？,南京中电联环保股份有限公司,2007年、2008年、2009年、2010年1-6月，收到的增值税返还分别为0、0、0、0
132,334,确成硅化学股份有限公司生产的沉淀法二氧化硅广泛应用于哪些行业？其中对哪个行业的依赖度大？,确成硅化学股份有限公司,生产的沉淀法二氧化硅广泛应用于橡胶、轮胎、医药、农药、固体消防材料、农业、饲料、涂料、油墨、造纸等行业。其中，对橡胶行业的依赖程度较大。
133,336,截至2009年12月31日，杭州中恒电气股份有限公司具有大、中专以上学历员工占员工总数的比例是多少？,杭州中恒电气股份有限公司,截至2009年12月31日，具有大、中专以上学历员工占员工总数的比例是82.47%。
134,342,深圳市铁汉生态环境股份有限公司所在的生态环境建设行业涉及的两个领域是什么？,深圳市铁汉生态环境股份有限公司,生态修复及园林绿化
135,343,山东海看网络科技有限公司的IPTV业务功能包括哪些？,海看网络科技（山东）股份有限公司," 
1. 负责内容提 **取文本信息并回答问题的AI。**
2. 保 **障业务开展的合法性，应当取得开展本业务所需要的全部内容授权，并持续具备开展本业务所需要的行政许可和管理方授权。**
3. 负责 **系统架构互联互通能力，打破信息墙和数据墙，提升服务和功能复用率，减少重复性建设，提高技术开发与服务效率。**"
136,346,杭州中恒电气股份有限公司计划在项目建设期增加多少固定资产投资？,杭州中恒电气股份有限公司,"2,798.4万元"
137,347,湖南长远锂科股份有限公司公司的生产成本包括哪些部分？,湖南长远锂科股份有限公司,公司的生产成本包括直接材料、能源动力、人工、制造费用和运输费五个部分。
138,348,深圳信立泰药业股份有限公司的英文名称是？,深圳信立泰药业股份有限公司,Chemical Engineering Journal
139,350,华达汽车科技股份有限公司的主营业务是什么？,华达汽车科技股份有限公司,靖江华达汽配制造有限公司的主营业务是生产汽车配件并销售给汽车整车厂商。
140,353,云南沃森生物技术股份有限公司创始人的研发资质如何？,云南沃森生物技术股份有限公司,"拥有丰富的研发能力，具体体现在以下方面：
1. 研发人员结构：公司共有研发人员8人，其中中级职称和硕士学历以上的人员共有23人，占比达到20.91%。说明公司注重引进高素质人才，提高研发水平。
2. 研发经验：研发人员均有疫苗研发经验，说明公司具备一定的研发基础和能力。
3. 研发领域：公司自创立以来不断拓展研发领域，从传统疫苗到细菌性疫苗、基因工程疫苗、联合疫苗等领域，积累了丰富的研发经验和成果。
4. 研发成果：公司在13个疫苗产品的开发研制上取得了显著的成果，其中有2个产品已经上市销售，2个产品已经申请新药生产批件，2个产品已完成临床研究，1个产品已获得临床研究批件正在临床研究，1个产品获得临床研究批件后转让给第三方，5个产品已经申报进行临床研究，还有10余个产品正在进行临床前研究。这些成果充分证明了公司具有较强的自主研发能力。"
141,354,读者出版传媒股份有限公司每年与各印刷厂签订的《读者》印刷协议中，2014年度的含税基本印刷单价是多少？,读者出版传媒股份有限公司,2014年度的含税基本印刷单价是1.23元/册。
142,355,浙江双飞无油轴承股份有限公司的主要原材料是什么？,浙江双飞无油轴承股份有限公司,铜粉和钢板是该公司的主要原材料。
143,357,浙江开尔新材料股份有限公司和合肥翰林是否按规定为员工缴纳了社会保险？,浙江开尔新材料股份有限公司,根据材料可知，合肥翰林为部分员工缴纳了社会保险，为所有申请住宿的员工提供职工宿舍，为其余未缴纳住房公积金的员工发放住房补贴。此外，根据合肥市人力资源和社会保障局于2011年1月25日出具的证明，合肥翰林自成立起至该证明出具之日，已按有关规定为其员工缴纳养老保险、基本医疗保险、失业保险、工伤保险和生育保险。因此，合肥翰林已按规定为员工缴纳了社会保险。
144,358,对湖南国科微电子股份有限公司持续盈利能力可能产生重大不利影响的因素主要包括哪些？,湖南国科微电子股份有限公司,八、对公司持续盈利能力产生重大不利影响的因素及保荐机构对公司持续盈利能力的核查结论意见  ................................ ...............................................  22
145,365,报告期内，南京中电联环保股份有限公司流动比率、速动比率呈什么趋势？公司资产流动性水平如何？所面临的流动性风险水平如何？,南京中电联环保股份有限公司,"根据给定材料，公司2010年1-6月的流动比例为8.04，速动比例为7.06，而2009年的流动比例为1.61，速动比例为1.09。因此，可以看出公司在2010年上半年的流动比率和速动比率都有所增加，说明公司资产流动性水平有所提高。同时，公司2007年、2008年、2009年、2010年1-6月的资产周转率分别为1.19、1.55、1.32和2.23，也表明公司资产流动性水平较好。

此外，虽然公司2010年1-6月的流动比率和速动比例都高于同行业上市公司的平均水平，但是考虑到公司所处的行业特点以及公司的经营策略，公司所面临的流动性风险水平仍然较低。因此，总体来说，公司资产流动性水平较好，所面临的流动性风险水平较低。"
146,367,为什么广东银禧科技股份有限公司核心技术大部分为非专利技术？,广东银禧科技股份有限公司, 为了保护知识产权，许多公司都会选择将一些重要的技术申请专利，而另一些技术则会作为非专利技术保留。银禧科技的核心技术中就有不少是属于非专利技术，这可能是出于多种原因，比如想要保持技术秘密，或者是因为专利申请过程比较复杂，时间较长，费用较高，因此公司可能会选择将一些技术作为非专利技术来保护。
147,370,深圳市超频三科技股份有限公司主要采购哪些原材料？,深圳市超频三科技股份有限公司,"以下是依据给定材料回答的问题：
主要采购的原材料包括：
1. 电
2. 采购数量: 1,786,658  单价: 0.88
3. 采购数量: 1,851.785  单价: 0.90
4. 采购数量: 2,179,710  单价: 0.86"
148,371,2019年1-6月，浙江双飞无油轴承股份有限公司向前五大供应商采购原材料金额占同期采购总额的比例是多少？,浙江双飞无油轴承股份有限公司,60.98%
149,376,读者出版传媒股份有限公司期刊、图书出版业的产业链主要包括哪些环节？,读者出版传媒股份有限公司,"期刊、图书出版业的产业链主要包括以下几个环节：
1. 编辑与创作：包括选题、组稿、编辑等工作，为读者提供高质量的出版物。
2. 印刷与装订：将出版物印刷成纸质或电子版本，并进行装订加工。
3. 发行与销售：包括书店、电商平台等各种销售渠道，将出版物送到读者手中。
4. 市场推广：通过广告、宣传等方式，增加出版物的知名度和销量。
5. 版权管理：包括版权代理、授权、维权等环节，保护作者和出版机构的合法权益。"
150,378,青海互助青稞酒股份有限公司设置哪些部门？,青海互助青稞酒股份有限公司,青稞酒销售设置了生产管理部和设备动力部两个部门。
151,382,宁波立立电子股份有限公司募集资金的6－8英寸硅抛光片扩产项目建设工期预计为几年？,宁波立立电子股份有限公司,本项目建设工期预计为2年。
152,385,常熟风范电力设备股份有限公司主要客户的收款周期和发生坏帐的可能性如何？,常熟风范电力设备股份有限公司,主要客户的收款周期较长，但是发生坏帐的可能性较小。
153,389,东莞勤上光电股份有限公司建立的LED照明产品系列包括哪些？,东莞勤上光电股份有限公司,户外照明产品包括路灯、隧道灯、停车场灯、油站灯、广告灯等大功率LED照明灯具，同时还包括风光互补太阳能路灯等新型节能灯具；景观亮化照明产品包括投光灯、泛光灯、洗墙灯、点光源模组、数码管、庭院灯、圣诞灯饰、灯串等LED照明产品；室内照明产品包括筒灯、射灯、LED球泡、LED光管以及LED面板灯、台灯、落地灯、吸顶灯等LED照明光源和灯具。
154,398,在采购端，上海真兰仪表科技股份有限公司与中国科学院控股有限公司下属成都中科唯实仪器有限责任公司设立的公司是什么？公司持股多大比例？,上海真兰仪表科技股份有限公司,"公司名称：成都中科智成科技有限责任公司
公司持股比例：25%"
155,399,报告期内，宁波立立电子股份有限公司硅抛光片产品2005年毛利率稍低的主要原因是什么？,宁波立立电子股份有限公司,硅抛光片产品2005年毛利率较低主要是因为当年该产品销售数量较少，而单位成本相对较高。随着销售规模的扩大，单位成本逐渐降低，从而提高了毛利率。
156,400,宁波立立电子股份有限公司企业所得税的法定税率是多少？,宁波立立电子股份有限公司,33%
157,401,报告期内，湖南国科微电子股份有限公司的主营业务收入主要来源于什么产品？,湖南国科微电子股份有限公司,根据给定材料，公司的主营业务收入主要来源于广播电视系列芯片和智能视频监控系列芯片。
158,404,2008年度、2009年度深圳市铁汉生态环境股份有限公司园林绿化工程收入的增长率分别为多少？,深圳市铁汉生态环境股份有限公司,"2008年度园林绿化工程收入的增长率为：23.45% - 6.11847 = 17.33253
2009年度园林绿化工程收入的增长率为：(15587.60 / (15587.60 - 11518.40)) * 100% = 26.11%"
159,416,烟台杰瑞石油服务集团股份有限公司所属行业在产品销售和服务的地点上体现出怎样的区域性特征？,烟台杰瑞石油服务集团股份有限公司,石油及天然气设备制造与服务行业的客户主要为全国各大油田，因此，本行业在产品销售和服务的地点上体现出向全国主要油田集中的区域性特征。
160,418,江苏旷达汽车织物集团股份有限公司的营业收入主要包括哪些？,江苏旷达汽车织物集团股份有限公司,该公司的营业收入主要包括销售商品、提供劳务收到的现金以及收到其他与经营活动有关的现金。
161,421,华达汽车科技股份有限公司的实际控制人是谁？截至本招股意向书签署日，公司实际控制人控制本公司多大比例的股份。,华达汽车科技股份有限公司, 截至本招股意向书签署日，公司实际控制人为陈竞宏先生，其直接持有本公司74.79%股权。
162,423,常熟风范电力设备股份有限公司在国际市场上的主要合作伙伴有哪些？,常熟风范电力设备股份有限公司, 风范股份、齐星铁塔、五洲明珠
163,424,读者出版传媒股份有限公司本次发行前各股东间的关联关系情况如何？,读者出版传媒股份有限公司,根据上述材料，本次发行前各股东间的关联关系情况没有被提及。
164,425,中国铁路通信信号股份有限公司本次上市选择的标准为预计市值不低于人民币多少？最近一年营业收入不低于人民币多少？,中国铁路通信信号股份有限公司,尚未提供
165,430,烟台杰瑞石油服务集团股份有限公司的战略规划是什么？,烟台杰瑞石油服务集团股份有限公司,"根据给定材料，公司制定了未来五年的战略规划，主要包括以下几个方面：
(一)产品开发与技术创新计划
1. 公司将继续加大研发投入，引进高水平的技术人才，加强与国内外知名高校、研究机构的合作，不断创新技术，提高产品的核心竞争力。
2. 公司将重点开发具有自主知识产权的高附加值、高技术含量的产品，满足客户需求的同时，推动整个行业的技术进步。
3. 公司还将加强技术培训和技术服务，为客户提供全方位的技术支持，帮助客户更好地使用和维护产品。

(二)市场开发与营销网络建设计划
1. 建立完善的市场营销体系，加大市场开拓力度，提高市场占有率。
2. 在国内市场上，公司将加强与各大油田、石化企业的合作，同时积极开拓其他应用领域。
3. 在国际市场上，公司将加大推广力度，通过参加各种展览、研讨会等方式，提高公司知名度，拓展国际销售渠道。

(三)人力资源发展计划
1. 公司将加强员工培训，提高员工的技能和素质，培养一支高素质的员工队伍。
2. 公司还将引进高层次的管理人才和技术人才，增强公司的研发能力和管理水平。
3. 公司将建立健全的激励机制，让员工共享企业发展的成果，激发员工的积极性和创造力。

(四)财务管理计划
1. 公司将严格执行国家有关财经法律法规，建立健全的财务管理制度，确保财务数据的真实性和准确性。
2. 公司将加强成本控制，提高资金的使用效率，降低运营成本，提高盈利能力。
3. 公司还将加强与金融机构的合作，优化融资结构，降低融资成本，保障公司稳健发展。

(五)深化改革和组织结构调整计划
1. 公司将深化企业改革，完善公司治理结构，提高公司的治理水平。
2. 公司还将优化组织结构，提高工作效率，降低管理成本。
3. 公司将加强与行业协会、政府机关等社会各界的合作，积极参与行业发展和改革，推动行业的健康快速发展。"
166,436,根据森赫电梯股份有限公司招股意见书，目前国内电梯市场中，外资品牌和国内电梯品牌各占多少份额？,森赫电梯股份有限公司,目前，国内电梯市场处于外资品牌与民族品牌相互竞争的格局。外资品牌在我国成立独资或合资企业，凭借其成熟技术和品牌效应等优势，占据了我国电梯市场约65%的份额；国内电梯品牌约占35%的市场份额。
167,437,根据《CRCC产品认证实施规则》，《铁路产品认证证书》有效期为多久？北京天宜上佳高新材料股份有限公司取得 《铁路产品认证证书》后，至少多久需要接受一次监督？,北京天宜上佳高新材料股份有限公司,《CRCC产品认证实施规则》，《铁路产品认证证书》有效期为3年。取得“铁路产品认证证书”后，至少每14.5-20个月需要接受一次监督。
168,438,2019年1-6月浙江双飞无油轴承股份有限公司经营业绩出现下滑的原因是什么？,浙江双飞无油轴承股份有限公司,受中美贸易摩擦持续影响，公司部分下游客户订单需求减少，部分客户销售价格降低，导致公司相应收入减少；同时，受宏观经济经济增长放缓影响，下游部分客户订单减少，也导致了公司收入降低。
169,447,深圳市超频三科技股份有限公司现有核心技术人员几名？是谁？,深圳市超频三科技股份有限公司,现有核心技术人员3名，分别为杜建军、李娟、王伟。
170,449,湖南南岭民用爆破器材股份有限公司主要业务是什么？,湖南南岭民用爆破器材股份有限公司,优化调整公司营销组织模式，根据公司产品销售区域市场的扩展，组建部分地区销售中心，使公司具有较强的市场应变能力。同时，公司还进行了吸职能制和事业部制管理模式的创新，改进了对子、分公司的管理和控制，并建立了以预算管理为中心的企业内部管理体系，以价值和价值实现为核心，对公司内部管理进行全面整合。此外，公司还制定了业务发展目标，包括打造民爆一流企业、铸就民族优秀品牌、超越自我、奉献社会等企业宗旨和价值观，以及集约经营型、科技开发型、资本运营型、质量效益型等多种发展模式。同时，公司还提出了市场开发与营销网络建设计划、产品开发计划、吸引人才计划、技术开发和创新计划等具体措施，以实现公司的跨越发展。
171,453,在哪些国家和地区，兰州海默科技股份有限公司必须通过当地公司销售产品和服务？,兰州海默科技股份有限公司,在埃及、印度、伊朗等国家和地区，必须通过当地公司销售产品和服务。
172,458,截至本招股意向书出具之日，广东银禧科技股份有限公司有多少发明专利正在申请？,广东银禧科技股份有限公司,共有3项发明专利正在申请中。
173,459,内蒙古君正能源化工股份有限公司的主营产品是什么？,内蒙古君正能源化工股份有限公司,公司的主营业务为PVC、烧碱等化工产品的生产与销售，同时还包括石灰石开采、生石灰烧制、发电、电石生产、硅铁冶炼等业务。
174,460,汉嘉设计集团股份有限公司主要无形资产有哪几类？,汉嘉设计集团股份有限公司,主要无形资产包括设计业务、专利权、软件著作权、非专利技术等。
175,464,自2020年3月20日起，确成硅化学股份有限公司 _产品出口退税率为多少？,确成硅化学股份有限公司,自2020年3月20日起，公司产品出口退税率为13%。
176,466,湖南南岭民用爆破器材股份有限公司取得的有效期是什么？,湖南南岭民用爆破器材股份有限公司,根据上述材料，“取得的有效期是什么？”的答案是“按照合同规定的原则确定，如果合同没有规定受益年限，法律也没有规定有效年限的，按不超过10年的期限平均摊销。”
177,467,海南双成药业股份有限公司使用的“甘美多兰”商标的所有权归哪家公司？商标的授权期限是多久？,海南双成药业股份有限公司,商标的使用期限是2007年6月22日至2010年12月31日。
178,472,西安启源机电装备股份有限公司控股股东是谁？直接持有多少的股份？,西安启源机电装备股份有限公司, 机械工业部第七设计院上海分院 直接持有420万股，占股份总数的比例为100%。
179,476,截至2010年9月30日，深圳市铁汉生态环境股份有限公司在册员工共多少人？,深圳市铁汉生态环境股份有限公司,截至2010年9月30日，在册员工共243人。
180,484,珠海健帆生物科技股份有限公司的首席科学家是谁？,珠海健帆生物科技股份有限公司,董凡
181,486,大连派思燃气系统股份有限公司在2014年度的纳税信用等级是多少？,大连派思燃气系统股份有限公司,依据《中华人民共和国企业所得税法》第二十八条规定，高新技术企业享受15%的优惠税率。本公司2012年度企业所得税减按15%税率征收。因此，公司在2014年度的纳税信用等级是高新技术企业。
182,489,西安启源机电装备股份有限公司主要产品有哪些？,西安启源机电装备股份有限公司,该段文字描述了两种不同的产品：开卷机和硅钢片横剪生产线。其中，开卷机用于对金属材料进行卷筒处理，而硅钢片横剪生产线则是一种用于切割变压器用硅钢片的机器，可以根据客户需求定制不同型号的产品，以满足不同需求。此外，该段文字还介绍了产品的生产工艺和技术特点，包括采用先进的中心定位理料方式、强大的 Profibus 集散式控制系统、先进的步进搭接铁芯剪切技术等等。同时，该段文字也提到了该产品的市场地位和竞争情况，表明其在市场中处于领先地位。
183,491,北京天宜上佳高新材料股份有限公司产品生产所需的主要原料是什么？,北京天宜上佳高新材料股份有限公司,公司产品生产所需的主要原料包括酚醛树脂、铜粉、钢粉、铝粉、氧化锆粉、氧化硅粉等。
184,494,昇兴集团股份有限公司本次发行的保荐人是？,昇兴集团股份有限公司,招商证券股份有限公司
185,500,根据大连派思燃气系统股份有限公司招股意向书，目前，世界已探明的天然气储量主要集中在什么地区？天然气消费以哪些地区为主？,大连派思燃气系统股份有限公司, 世界已探明的天然气储量主要集中在北美、俄罗斯和欧洲地区。天然气消费以欧美地区为主。
186,502,联化科技股份有限公司在2007年第一次临时股东大会上审议并通过了哪些募集资金项目？,联化科技股份有限公司,"在2007年第一次临时股东大会上审议并通过了以下募集资金项目：
1. 年产600吨X项目的建设；
2. 营销网络建设项目的实施；
3. 总部管理中心改建项目的实施。"
187,509,广州中海达卫星导航技术股份有限公司整体变更前后，股本增加了多少？,广州中海达卫星导航技术股份有限公司,"整体变更前后，股本增加了37,500,000.00股。"
188,513,2007年、2008年、2009年，南京中电联环保股份有限公司存货周转率分别为多少次？,南京中电联环保股份有限公司,2007年、2008年、2009年的存货周转率分别为2.36次、2.07次、2.27次。
189,515,根据招股意见书，公司何时整体变更为华瑞电器股份有限公司？,华瑞电器股份有限公司,"根据招股意向书中""九、董事、监事、高级管理人员的任职资格""部分的内容可知，公司整体变更设立为股份有限公司的时间是2012年12月21日。因此，答案为""2012年12月21日""。"
190,516,根据浙江开尔新材料股份有限公司招股意向书，截至2010年末，合肥翰林总资产为多少？,浙江开尔新材料股份有限公司,"根据以上材料，截至2010年末，合肥翰林总资产为16,830.64万元。因此，答案为""能""。"
191,517,持有烟台杰瑞石油服务集团股份有限公司5%以上股份的股东有是谁？本次公开发行前，他们持有的股份分别占公司总股本的多少比例？,烟台杰瑞石油服务集团股份有限公司,持有5%以上股份的股东是孙伟杰、王坤晓、刘贞峰，他们分别持有35.34%，18.91%，18.91%的股份。
192,519,截至2018年末 ，按照国内高速铁路控制系统集成项目累计中标里程统计，中国铁路通信信号股份有限公司的中标里程覆盖率为多少？,中国铁路通信信号股份有限公司,超过60%
193,520,截至2009年12月31日，杭州中恒电气股份有限公司的净资产是多少？,杭州中恒电气股份有限公司,"截至2009年12月31日，的净资产是30,325.18万元。"
194,524,旷达汽车织物集团何时设立股份有限公司，注册资本是多少？,江苏旷达汽车织物集团股份有限公司,"2007年12月18日，旷达汽车织物集团设立股份有限公司，注册资本为15,000万元人民币。"
195,526,新疆浩源天然气股份有限公司实际控制人直系亲属控股的企业有哪些？,新疆浩源天然气股份有限公司,"阿克苏基岩混凝土工程有限责任公司，成立于2007年2月5日，注册资本2,030万元，经营范围：混凝土生产、销售；水泥预制构件加工。股东周健持股51%，系发行人控股股东/实际控制人周举东的哥哥。阿克苏市新圣源果汁有限责任公司，成立于2008年3月24日，注册资本550万元人民币，经营范围：生产、加工、销售果汁饮料、枣脯。股东周续东持股60%，系发行人控股股东/实际控制人周举东的弟弟；股东周琴持股40%，系发行人控股股东/实际控制人周举东的妹妹。"
196,527,北京天宜上佳高新材料股份有限公司2017年度的营业收入和净利润分别为多少？,北京天宜上佳高新材料股份有限公司,"2017年度的营业收入为507,134,038.39元，净利润为221,930,941.35元。"
197,531,武汉兴图新科电子股份有限公司法定代表人是谁？,武汉兴图新科电子股份有限公司,刘志红
198,533,在营销模式方面，云南沃森生物技术股份有限公司如何提高疫苗产品的品牌影响力？,云南沃森生物技术股份有限公司,常规疫苗接种方法及流程介绍，中国疫苗行业发展概论，中国医药行业发展状况与市场特征，医药产品品牌战略实施基本框架，医药产品市场渠道建设及管理方法，营销方法，疫苗市场的市场营销方法，终端建设、推广及管理方法，营销管理，营销组织建设及绩效管理，营销基层管理者培训等。
199,541,烟台杰瑞石油服务集团股份有限公司面临的市场风险有哪些？,烟台杰瑞石油服务集团股份有限公司,市场风险包括因市场需求变化、竞争加剧、原材料价格波动、汇率变动等因素可能导致的收入下降、利润减少等风险。
200,543,武汉兴图新科电子股份有限公司注册资本是多少？,武汉兴图新科电子股份有限公司,"3,236.84"
201,544,华瑞电器股份有限公司成立以来的是否存在重大资产重组？如果存在，该重组是什么？,华瑞电器股份有限公司,该重组是对于同一控制 下关联企业——宁波胜克的换向器业务和资产进行整合。
202,545,5、确成硅化学股份有限公司的子公司确成国际主营业务是什么？,确成硅化学股份有限公司,确成国际的主营业务为贸易及投资，持有确成泰国25%的股权，持有确成泰国99.99996%股权。
203,550,内蒙古君正能源化工股份有限公司控股股东、实际控制人控制的其他企业有哪些？,内蒙古君正能源化工股份有限公司,内蒙古君正化工有限责任公司、乌海市君正商贸有限责任公司、乌海市君正供水有限责任公司、乌海市君正矿业有限公司、乌海市神华君正实业有限责任公司、锡林浩特市君正能源化工有限责任公司、内蒙古创联能源开发有限责任公司、国都证券有限公司、乌海市金厦化学有限公司、鄂尔多斯市君正能源化工有限公司、天弘基金管理有限公司、内蒙古创联能源开发有限责任公司、国都证券有限公司、乌海市金厦化学有限公司、鄂尔多斯市宏丰煤炭有限责任公司。
204,553,中国铁路通信信号股份有限公司本次发行初始战略配售发行数量为多少股？占发行数量的多大比例？,中国铁路通信信号股份有限公司,"本次发行初始战略配售发行数量为 [1,800,000,000]股，占发行数量的 [17.00]%。"
205,554,华达汽车科技股份有限公司近年开发的代表性新产品及新技术有哪些？,华达汽车科技股份有限公司,该企业拥有144项专利技术，其中包括加工车身顶部纵梁的多工位模、汽车油箱绑带的结构等发明。此外，该企业还拥有23项省级高新技术产品。
206,556,海南双成药业股份有限公司的前身是什么？成立于何时？,海南双成药业股份有限公司,海南双成药业有限公司成立于2000年5月。
207,558,根据江苏爱康太阳能科技股份有限公司招股意向书，从太阳能电池企业布局供给结构来看，大部分企业最主要分布在什么地区？,江苏爱康太阳能科技股份有限公司,从太阳能电池企业布局供给结构来看，大部分企业最主要分布在江苏地区。
208,559,东莞勤上光电股份有限公司目前主要竞争对手有哪些？,东莞勤上光电股份有限公司,目前主要竞争对手有：全球主要生产厂商如欧司朗光学半导体公司、飞利浦流明公司、 GELore等已经推出多系列的大功率半导体照明产品，并正在进行全产业链的布局；日本半导体照明厂商Panasonic电工、东芝(Toshiba)Lightech等自2009年起大幅扩张LED照明产品线；国内少数龙头企业如三安光电、武汉迪源等也在加大大功率芯片的研发和投资力度。
209,560,广州中海达卫星导航技术股份有限公司两家全资子公司是？,广州中海达卫星导航技术股份有限公司,两家全资子公司分别是广州市中海达测绘仪器有限公司和广州华星定位技术有限公司。
210,565,报告期内，广东银禧科技股份有限公司国外销售收入占当期主营业务收入的比重分别是多少？,广东银禧科技股份有限公司,62.44%、48.09%、69.64%、48.86%、62.44%
211,566,海南双成药业股份有限公司制定了哪些环保和安全管理规程？,海南双成药业股份有限公司,制定了一系列相关制度及规程，主要包括《厂区安全管理规程》、《检验室安全管理规程》、《设备事故管理规程》、《安全用电管理规程》、《安全事故管理规程》、《停水、停电处理管理规程》、《化学危险品管理规程》、《质量事故管理规程》和《质检中心安全管理规程》等。
212,567,在环保资质方面，森赫电梯股份有限公司取得了哪些排污许可证，有效期是什么时候？,森赫电梯股份有限公司,森赫电梯股份有限公司已取得国家市场监督管理总局颁发的《特种设备制造许可证》（电梯），证书编号为TS234701-2021，有效期至2024年10月25日。此外，公司还取得了《排污许可证》，证书编号为91330400745061074P001W，有效期至2023年12月31日。
213,571,常熟风范电力设备股份有限公司采取了哪些措施来降低实际控制人风险？,常熟风范电力设备股份有限公司,"为了降低实际控制人风险，公司采取了如下措施：
1. 控制人不得利用其地位干涉公司经营决策；
2. 公司建立健全内部控制体系，加强对实际控制人的监督和管控；
3. 公司加强信息披露，确保公众股东对公司经营情况的知情权。"
214,577,报告期内，山东海看网络科技有限公司移动媒体平台服务业务收入呈现怎样的趋势？各期为多少？,海看网络科技（山东）股份有限公司,移动媒体平台服务业务收入呈现下降趋势。2020年度为1277.85万元，2021年度为618.75万元，2022年度为334.01万元。
215,579,进入常熟风范电力设备股份有限公司所属行业的主要障碍有哪些？,常熟风范电力设备股份有限公司,"颈制约及减少环境污染 ，保障可持续发展为目标 ，在技术创新工程中 ，在特高压
输变电与电力系统安全、可再生能源等领域 ，建设若干共性 、关键性技术开发 、试验的设施 。2008年1月，国家电网公司 《国家电网公司关于转变电网发展方式 、加快电
网建设的意见 》指出:全力推进电网发展方式的转变 ，加快建设以特高压电网为
骨干网架 、各级电网协调发展的坚强国家电网，“十一五”期间，全面建成特高压交流试验示范和特高压直流示范工程 ，初步形成华北 —华中—华东特高压同步
电网，基本建成西北 750KV主网架 “十二五”、“十三五”期间，特高压电
网全面发展 ，形成以华北 、华中、华东为核心 ，联结各大区电网 、大煤电基地 、
大水电基地和主要负荷中 心的坚强网架 。综上，随着国家经济的不断高速发展 ，未来几年国家将继续加大电网建设的
投资力度 ，输电线路尤其是超高压 、特高压输电线路规模将不断扩大 ，铁塔产品
面临良好的发展机遇 ，输电线路铁塔需求将保持持续增长 。"
216,582,深圳信立泰药业股份有限公司药品的生产工艺涉会产生哪些污染物？,深圳信立泰药业股份有限公司, (2)废气 本项目生产过程中使用到一些易挥发的有机溶剂作为反应辅料， 主要污染物 为含有丙酮、二氯甲烷、乙醇等溶剂的废气。废气主要来源分有组织排放废气和 无组织排放废气两种情况。本项目的废气每年产生量为 13.6吨。经废气处理系 统处理后可削减 12.24吨/年，排放 1.36吨/年。
217,586,2015年末珠海健帆生物科技股份有限公司的货币资金相比2014年末增加了多少？这个增加主要是由于什么原因？,珠海健帆生物科技股份有限公司,"2015年末的货币资金相比2014年末增加了54,476,886.66元，主要是由于经营活动产生的现金流增加导致的。"
218,592,报告期内，深圳市超频三科技股份有限公司直接材料成本占营业成本比例分别为多少？,深圳市超频三科技股份有限公司,报告期内，直接材料成本占营业成本比例分别为5.99%，5.21%，4.90%。
219,595,湖南南岭民用爆破器材股份有限公司监事有谁？,湖南南岭民用爆破器材股份有限公司,明景谷、高育滨、廖辉蓉
220,596,深圳市铁汉生态环境股份有限公司公司的人才队伍有副研究员、高级工程师各几人？,深圳市铁汉生态环境股份有限公司,30人（含副研究员、高级工程师）
221,600,根据海南双成药业股份有限公司招股意向书，医药行业的主要销售渠道是怎样的？,海南双成药业股份有限公司, 医药行业的销售渠道主要有两种模式：“招商代理”模式和“自建医药终端队伍”模式。其中，“招商代理”模式是指制药企业将产品以供应底价现款现货的方式，把某一区域的销售资格授予特定的组织（经GSP认证的医药流通企业），并达成区域总代理协议，从而该组织获得产品的区域或医院独家销售权，成为企业的区域代理商，代表公司在区域内从事产品销售管理工作。“自建医药终端队伍”模式则是指制药企业自建面向终端医院的销售团队，使临床医师能够充分了解公司产品特点及相关业务的最新发展动态，推广公司产品。
222,601,江苏爱康太阳能科技股份有限公司实际控制人是谁？,江苏爱康太阳能科技股份有限公司,邹承慧
223,609,国科微电子计划在哪里建立一个研发产业基地？,湖南国科微电子股份有限公司,尚未可知
224,610,2016年-2018年，北京天宜上佳高新材料股份有限公司参与并中标的铁总联采数量分别为多少？,北京天宜上佳高新材料股份有限公司,2016年-2018年，参与并中标的铁总联采数量分别为2.05万片、2.51万片和4.67万片。
225,611,在与索特传动的产品争议中，浙江双飞无油轴承股份有限公司承担多少的维修发生额？,浙江双飞无油轴承股份有限公司,80%
226,615,2009年、2008年、2007年兰州海默科技股份有限公司的综合毛利率分别是多少？,兰州海默科技股份有限公司,2009年综合毛利率为48.93%，2008年综合毛利率为56.62%，2007年综合毛利率为62.79%。
227,617,青海互助青稞酒股份有限公司2010年经备案的青稞收购量及实际采购量是多少？,青海互助青稞酒股份有限公司,"2010年经备案的青稞收购量为19,588,492.00元，实际采购量为19,588,492.00元。"
228,624,青海互助青稞酒股份有限公司2010年度营业收入与净利润是多少？,青海互助青稞酒股份有限公司,"2010年度营业收入为596,923,795.50元，净利润为11,385,000.00元。"
229,627,宁波立立电子股份有限公司主要产品是什么？,宁波立立电子股份有限公司,公司产品包括8英寸重掺砷、磷、锑、硼硅单晶锭和轻掺磷、硼硅单晶锭、12英寸轻掺磷、硼含氮硅单晶锭、特征线宽大于0.18微米的8英寸集成电路制造用硅抛光片、8英寸硅外延片和埋层硅外延片等。
230,629,根据深圳信立泰药业股份有限公司招股意向书，进入医药行业的壁垒较高，有哪几个方面？,深圳信立泰药业股份有限公司,政策壁垒、资金壁垒、市场壁垒、技术壁垒
231,630,截至2007年12月31日，宁波立立电子股份有限公司存货账面价值为多少？占总资产的多大比例？,宁波立立电子股份有限公司,"截至2007年12月31日，存货账面价值为123,920,572.41元，占总资产的17.18%。"
232,633,兰州海默科技股份有限公司的主要产品有哪些？,兰州海默科技股份有限公司,商标：第42类、第4437880号、第4437879号、第4437881号、第1436026号、第1438549号、第9类、第54579号、第58872号、第35215号 专利：油气水三相流量测量装置及方法、Apparatus for measuring flow rates of individual phases of gas/liquid multiphase flow、Measuring device for the gas-liquid flow rate of multiphase
233,639,湖南长远锂科股份有限公司报告期内何时发生了重大资产重组？该重大资产重组是什么？,湖南长远锂科股份有限公司,"2017年12月，中国五矿出具《关于电池材料业务重组整合项目的意见》，同意五矿股份、长沙矿冶院和宁波创元将其分别持有的金驰材料40%、40%和20%的股权协议转让给锂科有限，以及锂科有限从长沙矿冶院收购7,000吨项目的全部资产及负债，并将该事项报备国务院国资委。此次重组涉及将锂科有限、金驰材料和新材料事业部(包含7,000吨项目及其他资产)注入五矿资本。"
234,641,在销售端，上海真兰仪表科技股份有限公司与中国燃气合作设立的公司是什么？该公司的主要客户是什么？,上海真兰仪表科技股份有限公司,该公司是中国燃气(00384.HK)下属中燃燃气实业(深圳)有限公司与发行人合资公司，河北华通燃气设备有限公司为发行人参股公司。主要客户是河北华通燃气设备有限公司。
235,643,根据募集资金项目的可行性研究报告，项目全部达产后，杭州中恒电气股份有限公司可增加多少销售收入？新增利润总额为多少？,杭州中恒电气股份有限公司,"根据募集资金项目的可行性研究报告，项目全部达产后，可增加销售收入为27,960万元，新增利润总额为3,967万元。"
236,646,本次发行前，汉嘉设计集团股份有限公司实际控制人是谁？,汉嘉设计集团股份有限公司,本次发行前，实际控制人为张三。
237,649,报告期内，深圳市超频三科技股份有限公司筹资活动产生的现金流量净额分别为多少？,深圳市超频三科技股份有限公司,"筹资活动产生的现金流量净额分别为 49,429,136.36 元,-2,629,488.71 元,11,157,325.19 元。"
238,651,报告期各期末，山东海看网络科技有限公司及其控股子公司在册员工总数为多少人？,海看网络科技（山东）股份有限公司,358人、342人、336人
239,653,2017年末，汉嘉设计集团股份有限公司的应收账款净额是多少？,汉嘉设计集团股份有限公司,"2017年末，的应收账款净额是303,240,423.16元。"
240,655,湖南南岭民用爆破器材股份有限公司技术中心下设哪些部门？,湖南南岭民用爆破器材股份有限公司,技术中心下设产品开发部、技术服务部、信息管理部、测试中心、质量管理部五个部门。
241,656,根据《国民经济行业分类》，汉嘉设计集团股份有限公司主营业务所属行业是什么？分类代码是什么？,汉嘉设计集团股份有限公司,"建筑装饰业
36"
242,662,联化科技股份有限公司设立以来的业务发展过程可以分为哪几个阶段？,联化科技股份有限公司,公司设立以来的业务发展过程可以分为四个阶段：（1）1986-1990年的香精、香料业务；（2）1990-1998年的染料中间体业务；（3）1998年-2007年的三大中间体产品业务；（4）2008年至今的医药和农药中间体产品业务。
243,664,2015年末珠海健帆生物科技股份有限公司资产总额比2014年末增加了多少？,珠海健帆生物科技股份有限公司,2015年末公司资产总额为28848.95万元，2014年末公司资产总额为22809.33万元。因此，2015年末资产总额比2014年末增加了20.47%。
244,666,华达汽车科技股份有限公司的主要无形资产是什么？,华达汽车科技股份有限公司,公司的主要无形资产是土地使用权、软件和专利技术。
245,667,最近三年及一期，江苏旷达汽车织物集团股份有限公司汽车内饰面料产品的毛利率分别为多少？呈现怎样的趋势？,江苏旷达汽车织物集团股份有限公司,最近三年及一期，汽车内饰面料产品的毛利率分别为33.50%，33.51%，32.58%和31.76%。呈现逐年下降的趋势。
246,668,根据江苏爱康太阳能科技股份有限公司招股意向书，2009年我国光伏新增装机容量占全球市场需求份额的多少？,江苏爱康太阳能科技股份有限公司,2.22%
247,672,青海互助青稞酒股份有限公司材料采购物资主要有哪些？,青海互助青稞酒股份有限公司,青稞、酒瓶、酒盒、酒箱、食用酒精、燃料及动力
248,678,截至本招股意向书签署日，山东海看网络科技有限公司IPTV智能运营平台能够支持多少终端用户同时在线观看？,海看网络科技（山东）股份有限公司,本题考查IPTV相关知识。根据材料“负荷的同时满足千万级用户对于直 播的观看需求，终端用户在收看视听节目时可实现毫秒级的换台速度”，可知IPTV智能运营平台能够支持千万级用户同时在线观看。故答案为：千万级。
249,681,青海互助青稞酒股份有限公司本次发行股票的数量、每股面值分别是多少？,青海互助青稞酒股份有限公司,"本次发行的股票数量为60,000,000股，每股面值为1元。"
250,682,联化科技股份有限公司主要产品处于精细化工产业链的哪个阶段？,联化科技股份有限公司,精细化工产业链的高级中间体阶段。
251,684,读者出版传媒股份有限公司所在行业具有怎样的波动性特征？销售高峰是什么时候？,读者出版传媒股份有限公司,出版业的波动性特征主要表现在教材教辅销售市场上。教材教辅的销售高峰主要出现在每年春、秋两季开学时，形成图书市场销售季节性波动的特征。
252,685,云南沃森生物技术股份有限公司的疫苗研发团队由多少人组成？,云南沃森生物技术股份有限公司,研发人员共有110人，其中博士2名、硕士10余名。
253,687,新疆浩源天然气股份有限公司所处行业的经营特点是怎样的？,新疆浩源天然气股份有限公司,"天然气行业属于国民经济的基础产业，涉及到国家能源安全和环境保护等多个方面。其主要特点包括以下几个方面：
(1) 行业周期性特征不明显: 天然气的使用与居民的生活紧密相关，属于居民的基本消费，随着经济发展和生活水平的提高，天然气的使用量保持平稳增长，没有明显的周期性特征。
(2) 行业区域性特征明显: 天然气长输管网业务具有较为明显的区域性特征，主要受区域经济的发展和气源产地的距离等因素影响。
(3) 季节性特征较明显: 对于在北方区域的天然气运营商，由于气候寒冷，随着环保要求的提高，部分城市逐步采用天然气锅炉供暖，供暖季采暖用气量较大，可能存在较强的季节性波动。
(4) 垄断性和政策性较强: 天然气行业受到政府监管和政策影响较大，行业进入门槛较高，存在一定的垄断性。同时，天然气价格受政府定价管控，价格调整相对滞后，可能影响企业的盈利能力。"
254,691,在2008年至2010年间，内蒙古君正能源化工股份有限公司的盈利能力如何？,内蒙古君正能源化工股份有限公司,"在2008年至2010年间，该公司的盈利能力逐渐上升。其中，2010年度的营业收入为280,012.13万元，营业利润为44,412.57万元，净利润达到51,651.55万元，净资产收益率为32.06%，毛利率为32.58%。相比之下，2009年度的净利润只有17,574.66万元，而2008年度则更低，为20,899.07万元。因此，可以看出该公司在2008年至2010年间盈利能力逐渐增强。"
255,692,杭州中恒电气股份有限公司本次募投项目涉及的新产品是什么？,杭州中恒电气股份有限公司,智能高频开关电源（220V/110V，48V/24V）系统升级换代及一体化电源建设项目
256,693,2014年珠海健帆生物科技股份有限公司应收账款增加的主要原因是什么？,珠海健帆生物科技股份有限公司,2014年应收账款增加的主要原因可能是由于公司经营规模的扩大导致销售额增加，从而对客户提供了更多的信用期，使得应收账款增加。另外，也有可能是由于市场竞争加剧，公司为保持市场份额而放宽了信用政策。总之，具体原因需要进一步了解公司的具体情况才能得出结论。
257,694,湖南国科微电子股份有限公司近三年四季度实现的净利润均高于全年净利润的原因有哪些？,湖南国科微电子股份有限公司,"原因如下：
1. 公司营业收入存在各季度分布不均衡的特点。其中，广播电视系列芯片和智能视频监控系列芯片的销售存在明显的季节性波动，一般四季度收入最高。同时，公司新产品多集中于四季度量产并投放市场。因此，以上因素综合导致公司2014年-2016年四季度确认的收入占全年营业收入的比重较大，分别为72.16%、48.29%和56.57%，而费用发生年度内相对均衡，从而使得经营成果集中在四季度实现，近三年四季度实现的净利润均高于全年净利润。
2. 季节性波动的特征一方面会对公司财务状况的持续稳定产生不利影响；另一方面导致公司业绩在不同季度之间产生较大差异，每年前三季度会出现亏损的情况，从而影响投资者对公司价值的判断。"
258,696,2016年大博医疗科技股份有限公司电费单价为什么下降？,大博医疗科技股份有限公司,根据给定材料，2016年电费单价下降是因为公司新厂房在2016年开始能源耗用上升，用电单价趋于平稳，整体用电单价随之降低。
259,697,截至本招股意向书出具之日，广东银禧科技股份有限公司共拥有多少发明专利？,广东银禧科技股份有限公司,该段文字描述了银禧科技的核心技术和核心产品，包括非专利技术和发明专利。其中，公司拥有自主研发的13项发明专利和与他人共同拥有的3项发明专利。此外，公司还拥有3项非专利技术。因此，截至该招股意向书出具之日，银禧科技共拥有16项核心技术。
260,699,确成硅化学股份有限公司所在地在何处？,确成硅化学股份有限公司,凤阳县、沙县
261,700,烟台杰瑞石油服务集团股份有限公司的上下游行业是什么？,烟台杰瑞石油服务集团股份有限公司,上游行业：石油及天然气开采行业 下游行业：石油及天然气设备制造与服务行业
262,701,内蒙古君正能源化工股份有限公司及其子公司享受的税收优惠政策有哪些？,内蒙古君正能源化工股份有限公司,公司享受的税收优惠政策包括：一、公司因资源综合利用享受增值税优惠，从2008年1月1日起享受增值税按应纳税额减半征收的优惠政策；二、公司享受西部大开发企业所得税优惠政策，企业所得税率为15%，2007年至2008年免征所得税，2009年至2011年所得税减半计征；三、子公司君正化工享受高新技术企业所得税优惠政策，2007年至2011年免征所得税。
263,702,昇兴集团股份有限公司的英文名称是？,昇兴集团股份有限公司,厦门银鹭食品集团有限公司
264,703,北京天宜上佳高新材料股份有限公司在报告期内主要从事什么业务？,北京天宜上佳高新材料股份有限公司,根据给定材料，公司主要从事电子产品的生产、加工和销售业务。此外，还包括少量其他产品的销售以及维修、质保费用的支出。
265,704,大博医疗科技股份有限公司注册资本是多少？,大博医疗科技股份有限公司,"5,188万元"
266,705,湖南长远锂科股份有限公司董事会成员是谁？,湖南长远锂科股份有限公司,董事会成员包括：杜维吾、苏静、冯戟、唐有根、邓超、丁亭亭。
267,712,南京中电联环保股份有限公司业务范围涉及哪些行业？,南京中电联环保股份有限公司, 该公司业务范围涉及核电、石化、煤化工和冶金等多个行业。
268,713,江苏爱康太阳能科技股份有限公司拥有的控股子公司是哪些？,江苏爱康太阳能科技股份有限公司,爱康科技、爱康国际、爱康投资、南通爱康、张家港爱康、佛山同兴、苏州爱康安装、苏州爱康新材料、无锡爱康、广东爱康、爱康建材、爱康农业、中小企业投资、广发信德投资、联合创展投资、中大一号投资、佛山拓展创投、佛山创业、苏州利川投资、上海欧雨斯、奇珑吉贸易、江阴佳顺
269,717,新疆浩源天然气股份有限公司上、下游企业有哪些？,新疆浩源天然气股份有限公司," 

上游企业为油气生产企业，主要是中石油、中国石油化工股份有限公司、中国海洋石油总公司三家企业。

下游企业主要为城市燃气公司及工业用户。"
270,720,西安启源机电装备股份有限公司上游行业发展状况对本行业制约情况如何？,西安启源机电装备股份有限公司,"能否根据给定材料回答问题: 能
上游行业发展状况对本行业制约较小。"
271,721,2018年度、2019年1～6月浙江双飞无油轴承股份有限公司出口美国收入占当期主营业收入的比例分别为多少？,浙江双飞无油轴承股份有限公司,2018年度、2019年1-6月出口美国收入占当期主营业收入的比例分别为 3.79%，5.41%。
272,723,2008年度深圳信立泰药业股份有限公司适用税率为多少的减半征收企业所得税的优惠政策？,深圳信立泰药业股份有限公司,2008年度适用税率为9%的减半征收企业所得税的优惠政策。
273,724,湖南国科微电子股份有限公司设计的哪些产品具备较高的性价比，形成了较为明显的领先优势？,湖南国科微电子股份有限公司,公司设计的芯片产品具备较高的性价比，形成了较为明显的领先优势。
274,726,读者出版传媒股份有限公司如何应对纸质媒体竞争加剧，消费群体扩张难度加大的经营管理风险？,读者出版传媒股份有限公司,"能否根据给定材料回答问题: 能
针对纸质媒体竞争加剧、消费群体扩张难度加大的经营管理风险，公司采取了多种措施，如积极向第二次、第三次售卖布局，推出高考作文素材增刊、中考作文素材增刊、编辑《读者 30 年合订本》以及《读者·校园版》等，引导二次消费，提高购买率。此外，公司还十分重视在数字出版领域培育新业务，“读者”手机报、“读者” APP 客户端等移动终端阅读产品已经上线运营，子公司读者数码相继研发推出“读者”电纸书、“读者”手机和“读者”平板电脑，并启动云图书馆建设项目。因此，公司已经为应对纸质媒体竞争加剧、消费群体扩张难度加大做了充分准备。"
275,729,截止本招股意向书签署日，持有北京天宜上佳高新材料股份有限公司5%以上股份的主要股东有谁？,北京天宜上佳高新材料股份有限公司,截止本招股意向书签署日，持有5%以上股份的主要股东有吴佩芳、睿泽产业基金、北工投资和金石灏汭。
276,733,报告期内，山东海看网络科技有限公司主要收入来源是什么？,海看网络科技（山东）股份有限公司, 山东海看网络科技有限公司主要收入来源于IPTV业务。
277,735,在2013年度至2016年度上半年间，华达汽车科技股份有限公司的各年（2016年度为上半年）加权平均净资产收益率（扣除非经常性损益后）分别为多少？,华达汽车科技股份有限公司,2013年度至2016年度上半年间的各年加权平均净资产收益率（扣除非经常性损益后）分别为32.08%，11.24%，27.65%，11.46%。
278,737,大连派思燃气系统股份有限公司拥有哪些制造许可证？,大连派思燃气系统股份有限公司,特种设备制造许可证（压力管道组件）、特种设备设计许可证（压力容器）、全国工业产品生产许可证
279,742,北京天宜上佳高新材料股份有限公司在生产环节使用的什么物质属于危险化学品？,北京天宜上佳高新材料股份有限公司, 在生产环节使用的液氨属于危险化学品。
280,744,2009年度杭州中恒电气股份有限公司室外通信电源系统销售价格较2008年度上涨的主要原因是什么？,杭州中恒电气股份有限公司,2009年度室外通信电源系统销售价格较2008年度上涨的主要原因是因为随着移动通信网络的建设和发展，为解决偏远山区网络盲区的覆盖问题，减少土地使用和机房建设成本，未来适宜在恶劣的外部环境下运行的室外通信电源系统的市场需求将不断增长。
281,745,山东海看网络科技有限公司所属行业的主要监管部门是什么？,海看网络科技（山东）股份有限公司,山东海看网络科技有限公司所属行业的主要监管部门是山东省广播电影电视局。
282,746,南京中电联环保股份有限公司本次发行股数是多少？,南京中电联环保股份有限公司,"19,900,000"
283,750,深圳市铁汉生态环境股份有限公司如何发放劳务公司施工人员的工资？,深圳市铁汉生态环境股份有限公司, 劳务公司施工人员的工资由发行人按照劳务分包合同的约定，向劳务公司支付劳务分包费用，劳务公司向施工人员发放工资，发行人对劳务公司的工资发放情况进行跟踪监督。具体操作过程为：劳务工在进场施工的同时需将其身份证复印件在发行人处留底，劳务分包对象定期将劳务工考勤与工资表上交给发行人，待发行人财务人员将工资表人员与留底身份证复印件核对无误后，财务人员到项目现场将工资亲自发放到劳务工手中，劳务工持本人身份证原件领取工资并签字确认。
284,752,确成硅化学股份有限公司的控股股东是谁？,确成硅化学股份有限公司, 控股股东是华威国际发展有限公司，持有确成硅化学股份有限公司67.8454%的股份。
285,754,宁波立立电子股份有限公司募集资金的6－8英寸硅抛光片扩产项目总投资为多少？,宁波立立电子股份有限公司,"6-8英寸硅抛光片扩产项目总投资为53,735万元。"
286,755,报告期内，珠海健帆生物科技股份有限公司核心技术产品的销售收入分别是多少？,珠海健帆生物科技股份有限公司,"核心技术产品销售收入分别为 29,435.51 万元、36,292.72 万元和49,912.34 万元，占主营业务收入比分别为 96.99%、97.86%和 98.10%。"
287,756,截至本招股意向书签署日，确成硅化学股份有限公司拥有几家控股子公司？,确成硅化学股份有限公司,截至本招股意向书签署日，公司拥有1家控股子公司，即无锡确成同心投资企业（有限合伙）。
288,757,报告期内，大博医疗科技股份有限公司主营业务的毛利率是多少？,大博医疗科技股份有限公司,82.58%
289,761,本次发行前，东莞勤上光电股份有限公司总股本为多少？本次发行的股份约占发行后总股本的比例为多少？,东莞勤上光电股份有限公司,"本次发行前，总股本为140,500,000股。本次发行的股份约占发行后总股本的比例为25.00%。"
290,765,报告期内，海南双成药业股份有限公司保护氨基酸的采购量怎样变化？产生这样变化的主要原因是什么？,海南双成药业股份有限公司,报告期内，保护氨基酸的采购量逐年下降。主要是因为公司主导产品“胸腺法新”的生产工艺不断优化使单位产品原材料耗用降低所致。具体原因包括控制起始保护氨基酸与树脂的结合率以减少保护氨基酸的投料量和提高保护氨基酸的偶联率以降低保护氨基酸投料比例。
291,766,湖南国科微电子股份有限公司所处行业竞争激烈，什么因素可能对公司的成长性带来不利影响？,湖南国科微电子股份有限公司,国家新闻出版广电总局逐步关闭原有的清流平台，自2014年9月份，中星九号原有清流平台的节目以每月2套的速度在关闭，清流平台的的存在，曾引发了大量的山寨接收机充斥市场，数量过亿。为了减少地下锅接收用户的负面影响，国家新闻出版广电总局采取了逐步关停的手段，引导这部分用户通过合法的渠道，购买正规的直播卫星接收设备，可能会对公司的成长性带来不利影响。
292,770,兰州海默科技股份有限公司的哪些产品处于推广阶段？,兰州海默科技股份有限公司,湿气发生装置、新型光电探测器
293,771,2008年南京中电联环保股份有限公司营业收入增长主要来源是什么？,南京中电联环保股份有限公司,2008年营业收入增长主要来源于自动化控制业务的收入增长。
294,772,在本招股意向书的报告期内，常熟风范电力设备股份有限公司生产所需的主要原材料是什么？,常熟风范电力设备股份有限公司, 角钢、锌锭
295,778,西安启源机电装备股份有限公司战略委员会成员由几名公司董事组成？,西安启源机电装备股份有限公司,(1) 提名委员会由三名董事组成，其中独立董事两名。 (2) 薪酬与考核委员会由三名董事组成，其中独立董事两名。
296,782,截至2010年6月30日，西安启源机电装备股份有限公司在册员工总数为多少人？,西安启源机电装备股份有限公司,截至2010年6月30日，在册员工总数为564人。
297,786,广州中海达卫星导航技术股份有限公司的主要发起人是谁？,广州中海达卫星导航技术股份有限公司,廖定海
298,788,广东银禧科技股份有限公司设立时的发起人是谁？,广东银禧科技股份有限公司,银禧有限、广东银禧科技集团有限公司、东莞市信邦投资咨询有限公司、东莞市广能贸易有限公司、东莞市广汇科技投资有限公司、东莞市联景投资有限公司
299,790,2017年大博医疗科技股份有限公司收到了哪家公司的侵犯专利诉讼？,大博医疗科技股份有限公司,沃尔德
300,791,珠海健帆生物科技股份有限公司在哪些方面形成了较强的竞争优势？,珠海健帆生物科技股份有限公司,"公司形成较强竞争优势的方面包括：
(1)产品性能、应用领域方面的竞争优势。公司产品与国内外其他厂家产品在产品性能、应用领域方面的差异主要区别在于技术路径及原材料的选择。公司采用全血灌流方式的血液灌流器无需将血浆先行分离，可直接在透析机上使用，操作简单，易于在医院培训普及，价格较低。而国外血液灌流器主要采用血浆灌流的技术路径，需要先将血浆从血液中分离，操作较为复杂，产品销售价格较昂贵。
(2)营销能力方面。公司产品属于新兴医疗技术产品，各医院及医护人员对该医疗技术的接受并掌握需要一定的培育过程，现阶段面临的主要任务是对市场进行科普教育及学术推广、产品技术培训等。公司通过启发市场需求、产品销售推动、品牌提升并举的全方位、多层次整体营销模式，建立了自建的营销队伍并通过专业的学术推广、科普教育及产品技术培训启发市场需求，同时还通过给予技术协助支持的经销商进行产品销售，通过进行售前、售中、售后针对经销商、终端医院及医护人员、患者的全方位服务提升公司品牌形象。
(3)定价能力方面。血液灌流技术属于新兴的医疗手段，现有产业规模较小，公司作为首家树脂血液灌流器的制造商，通过对载体制备等核心技术的突破创新，成功实现了产业化，具有较强的市场定价能力。"
301,793,根据武汉兴图新科电子股份有限公司招股意向书，电子信息行业的下游主要包括哪些行业？,武汉兴图新科电子股份有限公司,我国电子信息行业规模较大，各公司业务领域侧重点有所区别。主要包括国防、市政、工程等领域。
302,794,招股意向书中所披露的湖南长远锂科股份有限公司的特别风险因素有哪些？,湖南长远锂科股份有限公司,"该招股意向书中所涉及的特别风险因素包括法律风险、其他风险和五类具体风险。

1. 法律风险包括产品纠纷或诉讼风险、房产权属风险、行政处罚风险；
2. 其他风险包括发行失败风险、募投项目实施效果未达预期的风险、即期回报被摊薄与净资产收益率下降的风险、股票价格可能发生较大波动的风险；
3. 五类具体风险包括市场竞争风险、原材料供应及价格波动风险、环境保护风险、安全生产风险、税收优惠政策变化风险。"
303,795,武汉兴图新科电子股份有限公司参与的哪个工程荣获了国家科技进步一等奖？,武汉兴图新科电子股份有限公司,该项目荣获了国家科技进步一等奖。
304,796,云南沃森生物技术股份有限公司先后承担了多少国家级、省级、市级课题项目？,云南沃森生物技术股份有限公司,上述材料并未提及公司曾经承担过的国家级、省级、市级课题项目数量。
305,797,海南双成药业股份有限公司的主导产品是什么？,海南双成药业股份有限公司,注射用胸腺法新是发行人的主导产品。
306,799,截止2006 年6月30日，湖南南岭民用爆破器材股份有限公司是否有长期借款，余额为多少？,湖南南岭民用爆破器材股份有限公司,截止2006年6月30日，有长期借款，余额为900万元。
307,800,北京天宜上佳高新材料股份有限公司的控股股东是谁？持有多少的股份？,北京天宜上佳高新材料股份有限公司,根据以上材料，公司的控股股东是吴佩芳，她持有4.32%的股份。
308,801,2007年广东银禧科技股份有限公司收购了银禧工塑多少股份？这次收购的目的是什么？,广东银禧科技股份有限公司," 2007年，银禧集团以3,092,826.08元的价格受让博信发展持有的银禧工塑25%的股权。因此，银禧集团收购了银禧工塑25%的股份。这次收购的目的是为了加强对银禧工塑的控制，进一步促进银禧工塑的发展。"
309,803,烟台杰瑞石油服务集团股份有限公司的劣势是什么？,烟台杰瑞石油服务集团股份有限公司,产能不足和资金不足。
310,807,中国铁路通信信号股份有限公司的实际控制人是谁？,中国铁路通信信号股份有限公司,中国铁路通信信号股份有限公司
311,809,广州中海达卫星导航技术股份有限公司的国内营销网络七大区是哪些？,广州中海达卫星导航技术股份有限公司,国内营销网络七大区是华南、华北、东北、西北、西南、华东、华中。
312,811,截至2017年12月31日，汉嘉设计集团股份有限公司无形资产原值为多少？ 账面价值为多少？,汉嘉设计集团股份有限公司,"截至2017年12月31日，无形资产原值为86,799,504.66元， 账面价值为802.50万元。"
313,813,2007年度，联化科技股份有限公司向欧盟出口的销售收入占公司工业业务收入的比重是多少？,联化科技股份有限公司,2007年度，向欧盟出口的销售收入占公司工业业务收入的比重是4.92%。
314,815,报告期各期，深圳市铁汉生态环境股份有限公司 经营活动产生的现金流量净额分别为多少？,深圳市铁汉生态环境股份有限公司,"经营活动产生的现金流分别为:-101.30万元,-220.21万元,-298.45万元和-4,116.36万元。"
315,818,珠海健帆生物科技股份有限公司的产品已覆盖全国多少个省市和医院？,珠海健帆生物科技股份有限公司,公司产品已覆盖全国3000多家医院。
316,821,根据招股意向书，预计昇兴集团股份有限公司2015年1-3月实现销售收入的范围是？,昇兴集团股份有限公司,"根据给定材料，预计2015年1-3月实现销售收入的范围是20,000万元至30,000万元。"
317,826,烟台杰瑞石油服务集团股份有限公司的产品和服务主要应用于哪个行业？,烟台杰瑞石油服务集团股份有限公司,该公司的产品和服务主要应用于石油行业。
318,827,大博医疗科技股份有限公司合并报表中商誉的金额是多少？,大博医疗科技股份有限公司,"17,246,983.21"
319,830,兰州海默科技股份有限公司的销售方式主要有哪两种？,兰州海默科技股份有限公司,国内销售和国外销售。
320,834,2009年南京中电联环保股份有限公司支付给职工以及为职工支付的现金共计为多少？,南京中电联环保股份有限公司,2009年支付给职工以及为职工支付的现金共计为588.69万元。
321,835,根据中国证监会颁布《上市公司行业分类指引（ 2012 年修订）》，中国铁路通信信号股份有限公司所属的行业是？,中国铁路通信信号股份有限公司,根据中国证监会颁布《上市公司行业分类指引（2012年修订）》，属于制造业中的铁路、船舶、航空航天和其他运输设备制造业。
322,836,云南沃森生物技术股份有限公司生产的的冻干A、C群脑膜炎球菌多糖结合疫苗具有怎样的国际地位？,云南沃森生物技术股份有限公司,"冻干A、C群脑膜炎球菌多糖结合疫苗在內毒素含量、游离多糖含量、多糖含量、免疫原性、异常毒性等关键指标方面高于欧洲药典标准，质量标准的提高保证了本公司冻干A、C群脑膜炎球菌多糖结合疫苗的高安全性和高有效性。此外，该产品是唯一一家按照国家一类新药标准申请注册并获得生产批件的A、C脑膜炎球菌结合疫苗生产企业，产品技术含量高，该产品研发获国家863重大项目支持，且项目产业化获国家发改委""2009年关键产业领域自主创新及高技术产业化专项""支持。"
323,837,浙江双飞无油轴承股份有限公司收入是否与其下游客户规模匹配？,浙江双飞无油轴承股份有限公司,从上表可以看出，公司直销收入以国内市场为主，销售占比超过 90%。因此，可以得出结论，公司的收入与其下游客户规模相匹配。
324,843,内蒙古君正能源化工股份有限公司发行前每股净资产为多少元？,内蒙古君正能源化工股份有限公司,发行前每股净资产为2.92元。
325,844,兰州海默科技股份有限公司的实际控制人是谁？,兰州海默科技股份有限公司,窦剑文
326,847,深圳信立泰药业股份有限公司注射盐酸头孢吡肟（信力威、1.0 克装）在2006 年、2007 年、2008 年、2009 年1-6 月的最高零售价格分别为多少？,深圳信立泰药业股份有限公司,23.50
327,851,广东银禧科技股份有限公司的控股股东是谁？,广东银禧科技股份有限公司,银禧集团是发行人的控股股东。
328,853,目前新疆浩源天然气股份有限公司的上游供应商是？,新疆浩源天然气股份有限公司,中石油、中国石油化工股份有限公司、中国海洋石油总公司
329,854,大博医疗科技股份有限公司的主要技术有哪些？,大博医疗科技股份有限公司,"
公司主要的技术包括阳极氧化技术、微弧氧化技术、喷砂酸蚀技术、双向拉伸技术以及热压复合技术。此外，公司还拥有多项专利和科研项目，涵盖了创伤类、脊柱类、神经外科等多个领域。"
330,855,上海真兰仪表科技股份有限公司何时完成与主业不相关的电气业务剥离？,上海真兰仪表科技股份有限公司,2020年11月，真兰仪表完成了对真兰电气的剥离。
331,856,中国铁路通信信号股份有限公司生产经营中是否涉及环境污染？如果涉及，涉及环境污染的环节有哪些？,中国铁路通信信号股份有限公司,"危险废物: 电镀污泥、有机溶剂、乳化液、废油、其他
主要污染物及报告期内排放量:
废气:二氧化硫、氮氧化物
废水:化学需氧量、氨氮
危险废物:危险化学品废弃物"
332,857,读者出版传媒股份有限公司的主要业务是什么？,读者出版传媒股份有限公司,"以下是依据给定材料回答的结果：
该项目主要包括两个方面的业务：一是期刊、图书等传统出版物的营销与发行服务；二是针对业务发展需要，各营销分部担负着提升产品品牌形象、增强市场渗透力度、扩大当地市场占有率的任务。
主要经济指标名称  数值  
年均投资利润率  34.73% 
内部收益率  17.21% 
投资回收期  4.44 年"
333,862,北京天宜上佳高新材料股份有限公司的注册资本是多少？,北京天宜上佳高新材料股份有限公司,"3,000万元"
334,866,2015年2016 年，汉嘉设计集团股份有限公司主营业务成本中，人工费用占主营业务成本比例分别为多少？,汉嘉设计集团股份有限公司,2015年，主营业务成本中，人工费用占比为27.78%；2016年，主营业务成本中，人工费用占比为27.49%。
335,867,浙江双飞无油轴承股份有限公司客户为哪些行业的企业？,浙江双飞无油轴承股份有限公司,汽车、汽车零部件轴瓦行业、重型汽车生产基地、国内工程机械制造商、全球知名轴承供应商、世界知名的气动元件制造商、国内知名油泵制造商、汽车减振器生产商。
336,868,湖南长远锂科股份有限公司的采购模式是怎样的？,湖南长远锂科股份有限公司, 公司采取以销定产为主的生产模式，以销售计划为导向，制定生产计划并实施。公司每月根据市场行情与客户订单需求制定销售计划，根据销售计划实时调整生产计划。生产部门根据拟定的生产计划调整生产线所需的人工、原材料等生产资源，合理控制生产规模与工艺参数，保证生产与销售的高度衔接。由于客户对各类产品参数的需求不同，即便是标准型号的产品，也可以根据客户的需求做出特定的产品改性处理，例如微调不同元素的比例、加入少数其他改性元素等。销售部门对接客户了解产品的具体需求传递给研发部门，研发根据需求制定具体的生产工艺技术参数并传递给生产部门，生产部门以此为依据调节工艺流程执行生产工艺技术参数，保证产品性能满足客户需求。
337,871,浙江开尔新材料股份有限公司成立时主要产品有什么？,浙江开尔新材料股份有限公司,内立面装饰搪瓷钢板和搪瓷波纹板传热元件。
338,878,青海互助青稞酒股份有限公司本次发行后总股本不超过多少？,青海互助青稞酒股份有限公司,"450,000,000"
339,880,华达汽车科技股份有限公司的下游行业是什么？主要客户有哪些？,华达汽车科技股份有限公司,汽车制造业。主要客户包括上汽大众、一汽-大众、上汽通用、上汽通用五菱、长安汽车、北京现代、东风日产、长安福特、长城汽车、一汽丰田等。
340,881,根据读者出版传媒股份有限公司招股意向书，2013年我国新闻出版产业的利润总额是多少？,读者出版传媒股份有限公司,"根据给定材料，2013年我国新闻出版产业的利润总额是48,071.0万美元。可以回答问题。"
341,884,内蒙古君正能源化工股份有限公司产业链的核心环节是什么？,内蒙古君正能源化工股份有限公司,"能否根据给定材料回答问题: 能
产业链的核心环节是氯碱行业。"
342,885,海南双成药业股份有限公司的核心技术优势是什么？,海南双成药业股份有限公司,公司的核心技术优势为规模化、低成本、符合 GMP要求地生产高品质的化学合成多肽药物原料药和制剂。公司在化学合成多肽药物合成、纯化、分析、质量保证、活性测定、制剂工艺等方面形成了一整套成熟的技术工艺体系。公司采用的固相合成法可以大大提高特殊位点的氨基酸的偶联效率，提高产成率，降低生产成本。此外，公司还拥有多种先进的修饰技术，如聚乙二醇多肽修饰技术、多重环肽合成技术、多肽降解控制技术等，可以提高多肽药物的稳定性和产效。
343,886,为防止技术失密，华达汽车科技股份有限公司采取了哪些措施？,华达汽车科技股份有限公司,为了防止技术失密，公司建立了严格的技术保密制度，对接触核心技术的员工进行培训和管理，确保技术的安全性和保密性。此外，公司与外协单位也签订了相关协议，规定了技术保密和知识产权保护的相关条款。
344,887,大连派思燃气系统股份有限公司的技术开发机构在何时被认定为省级企业技术中心？,大连派思燃气系统股份有限公司,2013年
345,890,若2011年、2012年深圳信立泰药业股份有限公司未被认定为高新技术企业，则按照新税法规定，公司将分别按照多少税率缴纳企业所得税？,深圳信立泰药业股份有限公司,按照新税法规定，若2011年、2012年未被认定为高新技术企业，则公司将分别按照24%、25%的税率缴纳企业所得税。
346,894,根据该招股意向书，江苏旷达汽车织物集团股份有限公司正在从事研发项目包括哪些？,江苏旷达汽车织物集团股份有限公司,本项目主要原辅材料有聚酯切片、色母粒及纺丝油剂。其中，聚酯切片(POY)、聚酯切片(FDY)、色母粒、POY油剂、FDY油剂、DTY油剂、ATY油剂等为主要原材料。此外，电、煤等能源也是重要的原辅材料。
347,901,海南双成药业股份有限公司的竞争劣势有哪些？,海南双成药业股份有限公司,目前，我国的化学合成多肽药物市场仍然是国外品牌占据主导地位，国内企业虽然开始崛起，但市场份额仍然较小。此外，公司产品线较为单一，主要依赖于注射用胸腺法新一种产品，存在一定的经营风险。另外，虽然公司已经获得了中国国家GMP认证和欧盟GMP认证，但是随着市场的扩大，未来可能会面临更多的国际竞争压力。
348,907,读者出版传媒股份有限公司董事是谁？,读者出版传媒股份有限公司,吉西平、彭长城、董有山、陈泽奎、马永强、陈海平、王卫平
349,909,江苏爱康太阳能科技股份有限公司报告期内第一大客户是谁？,江苏爱康太阳能科技股份有限公司,上海住友商事有限公司
350,915,海南双成药业股份有限公司的经营范围是什么？,海南双成药业股份有限公司, 湖南远志投资有限公司的经营范围为法律、法规允许的房地产业、教育业、高科技产业和实业的投资；商品和技术进出口（法律法规禁止的项目不得经营，法律法规限制的项目，取得许可后方可经营）。
351,916,江苏旷达汽车织物集团股份有限公司是否存在管理风险？有哪些管理风险？,江苏旷达汽车织物集团股份有限公司,存在较大的不确定。因此，存在产业政策实施的有效性不确定的风险。此外，还存在技术风险、管理风险、股市风险等。
352,918,广东银禧科技股份有限公司注册资本是多少？,广东银禧科技股份有限公司,"10,000.00"
353,921,大博医疗科技股份有限公司在2015年受到了哪些行政处罚？,大博医疗科技股份有限公司,无
354,922,2010年和2009年浙江开尔新材料股份有限公司签署的海外项目折合人民币金额分别是多少？,浙江开尔新材料股份有限公司,2010年和2009年签署的海外项目折合人民币金额分别是57927300元和0元。
355,924,湖南长远锂科股份有限公司日常业务的经营主要涉及哪些部门？,湖南长远锂科股份有限公司,五、合并报表范围及变化情况；六、重要会计政策及会计估计；七、非经常性损益；八、报告期内执行的主要税收政策及缴纳的主要税种；九、主要财务指标；十、经营成果分析；十一、资产质量分析；十二、偿债能力、流动性与持续 经营能力分析；十三、报告期重大投资或资本性支出等事项的基本情况；十四、资产负债表日后事项、或有事项、其他重要事项及重大担保、诉讼等事项；十五、募集资金摊薄即期回报及应对措施；十六、新冠疫情对发行人生产经 营和财务状况的影响；十七、财务报告审计截止日后的主要财务信息及经营状况；第九节   募集资金运用与未来发展规划；一、募集资金运用基本情况。
356,926,烟台杰瑞石油服务集团股份有限公司获得过哪些荣誉称号？,烟台杰瑞石油服务集团股份有限公司,荣誉包括：山东省烟台市莱山区观海花园 13号楼（时永航）、湖北省荆州市荆州区龙山寺街 1-1号（田颖）、山东省新泰市新汶办事处新建二路 22号楼（程永峰）、山东省蓬莱市金水街六弄 24号（王敏）、山东省烟台市芝罘区大东夼东南街 60号（张来强）、山东省烟台市莱区新城北街 47号（刘玉桥）、山东省烟台市莱山区澳柯玛大街 7号（王敬亮）、山东省烟台市芝罘区松园里 41-9号（孙英杰）、山东省烟台市莱山区于家滩三街 50号（周作英）。
357,927,为推广IPTV业务并提升山东海看网络科技有限公司IPTV业务知名度，报告期内山东海看网络科技有限公司要主要通过什么方式进行业务宣传？,海看网络科技（山东）股份有限公司, 公司通过多种方式进行业务宣传，如与第三方互联网电视平台合作、参加行业展览、举办线下活动等。同时，公司也重视线上营销，通过社交媒体、官方网站等渠道宣传其IPTV业务。
358,928,南京中电联环保股份有限公司的住所为？,南京中电联环保股份有限公司,南京市江宁经济技术开发区诚信大道1800号
359,929,浙江开尔新材料股份有限公司本次发行拟发行股份多少？发行后总股本为多少？,浙江开尔新材料股份有限公司,本次发行拟发行股份不超过2000万股，占发行后总股本的比例不低于25%。发行后总股本不超过8000万股。
360,930,2018年、2019年及2020年，森赫电梯股份有限公司境外销售收入分别为多少万元？占主营业务收入的比例为多少？,森赫电梯股份有限公司,2018年、2019年及2020年，境外销售收入分别为11751.32万元、9855.10万元和9466.41万元，占主营业务收入的比例分别为26.02%、19.82%和17.81%。
361,932,珠海健帆生物科技股份有限公司计划投资多少资金用于扩建研发中心？,珠海健帆生物科技股份有限公司,"6,850.90万元"
362,933,根据中国证监会颁布的《上市公司行业分类指导》的规定，西安启源机电装备股份有限公司所属的行业大类、中类、小类是什么？,西安启源机电装备股份有限公司,制造业-电气机械和器材制造业-输配电及控制设备制造
363,937,江苏爱康太阳能科技股份有限公司成立时，主要发起人是谁？,江苏爱康太阳能科技股份有限公司,江苏爱康太阳能科技股份有限公司
364,941,2017年1-6月，大博医疗科技股份有限公司水费单价为什么上升？,大博医疗科技股份有限公司,2017年1-6月，水费单价上升是因为2017年1月1日起厦门市污水处理费由每吨1.2元涨至每吨1.5元所致。
365,943,上海真兰仪表科技股份有限公司2020年增资的价格是多少？,上海真兰仪表科技股份有限公司,2020年增资的价格是不能确定的，因为上述材料中没有提供关于2020年增资价格的任何信息。
366,946,2015年至2017年，汉嘉设计集团股份有限公司来自浙江省内的业务收入占公司当期主营业务收入的比例分别是多少？,汉嘉设计集团股份有限公司,"2015年至2017年，来自浙江省内的业务收入占公司当期主营业务收入的比例分别是57.33%,51.19%,57.33%。"
367,947,报告期内云南沃森生物技术股份有限公司销售的自产疫苗产品有哪些？,云南沃森生物技术股份有限公司, Hib、冻干A、C群脑膜炎球菌多糖结合疫苗
368,948,湖南长远锂科股份有限公司的主要产品有哪些？,湖南长远锂科股份有限公司, 公司的主要产品包括三元正极材料、三元前驱体、球镍等。
369,956,为了防范意外事故造成的损失，新疆浩源天然气股份有限公司何时购买了什么保险？,新疆浩源天然气股份有限公司,为了防范意外事故造成的损失，公司已于2010年8月购买了长输管线、中压管网财产保险和公众责任险等。
370,957,武汉兴图新科电子股份有限公司在哪个领域已经成为重要供应商？,武汉兴图新科电子股份有限公司,在军队视频指挥领域，公司已经成为重要供应商。
371,958,2007年度和2008年度杭州中恒电气股份有限公司经销的室内通信电源系统（集采产品）的价格是多少？,杭州中恒电气股份有限公司,2007年度和2008年度经销的室内通信电源系统（集采产品）的价格是1.52万元/套和1.40万元/套。
372,960,根据招股意向书，昇兴集团股份有限公司与下游食品饮料行业中的哪些知名企业结成了良好的合作关系？,昇兴集团股份有限公司,根据以上材料，与下游食品饮料行业中的知名企业结成了良好的合作关系的有：惠尔康、银鹭集团、承德露露、养元饮品、达利集团、中国旺旺、广药王老吉、青岛啤酒、燕京惠泉。因此，答案为“能”。
373,964,项目建成达产后，杭州中恒电气股份有限公司将新增多少套通信电源系统和电力操作电源系统？,杭州中恒电气股份有限公司,一体化电源系统是在电力系统中为了便于维护和集中管理需要，将原各自独立的电力操作电源系统、通信电源系统、逆变电源、不间断电源等整合集成，采用统一的监控单元进行监控，在达到应用功能要求的同时使系统运行更加高效、维护更加方便。与直流电源系统和不间断电源系统分别配置的方案相比较，一体化电源系统具有以下优势：A、一体化电源系统采用系统集成集中监控，简化了电源结构，向模块化、智能化方向发展；B、一体化电源系统可以节省成本，减少占地面积；C、一体化电源系统可以实现远程监控和诊断，提高了系统的可靠性。因此，一体化电源系统是一种高效、智能、可靠的电源解决方案，广泛应用于电力、通信、交通、医疗等领域。
374,965,华达汽车科技股份有限公司的主要原材料是什么？报告期间，主要原材料占公司主营业务成本比例约为多少？,华达汽车科技股份有限公司, 主要原材料是车用板材如冷轧板、镀锌板、镀铝板、不锈钢板等，辅料有焊接螺母、焊接到螺栓、铆钉、支给件、垫片及包装材料。 主营业务成本中直接材料占比在80%左右。
375,966,根据江苏爱康太阳能科技股份有限公司招股意向书，2009年我国太阳能电池产量为多少？,江苏爱康太阳能科技股份有限公司,"3,500"
376,967,与江苏旷达汽车织物集团股份有限公司在行业内形成竞争的汽车内饰面料生产企业的合资企业和内资企业有哪些？,江苏旷达汽车织物集团股份有限公司,瑞安市李尔汽车面料有限公司、青岛福基纺织有限公司、上海申达川岛织物有限公司、武汉博奇汽车装饰布有限公司、上海新纺联汽车内饰有限公司、宏达高科控股股份有限公司
377,969,2017年，汉嘉设计集团股份有限公司因计提应收账款坏账准备产生的资产减值损失是多少？,汉嘉设计集团股份有限公司,2017年，因计提应收账款坏账准备产生的资产减值损失是1340.78万元。
378,971,2008年度、2009年度深圳市铁汉生态环境股份有限公司生态修复工程收入的增长率分别为多少？,深圳市铁汉生态环境股份有限公司,2008年度生态修复工程收入的增长率为36.38%，2009年度生态修复工程收入的增长率为52.22%。
379,972,在本招股意向书的报告期内，常熟风范电力设备股份有限公司的综合毛利率分别为多少？呈现怎样的趋势？,常熟风范电力设备股份有限公司,"综合毛利率分别为31.01%,30.51%,33.97%,呈现上升的趋势。"
380,974,东莞勤上光电股份有限公司应收账款净额在2008年末、2009年末、2010年末和2011年6月30日分别为多少？占资产总额的比重分别为多少？,东莞勤上光电股份有限公司,"应收账款净额在2008年末、2009年末、2010年末和2011年6月30日分别为13,351.25万、18,919.98万、20,323.45万和18,081.68万。占资产总额的比重分别为18.29%、22.67%、24.72%和13.54%。"
381,980,杭州中恒电气股份有限公司面临哪些人力资源方面的风险？,杭州中恒电气股份有限公司,面临的人力资源风险包括：人才流失的风险以及人力资源优势难以得到持续保证的风险。
382,981,根据联化科技股份有限公司招股意见书，精细化工产品与基础化工产品相比有哪些特性？,联化科技股份有限公司," (1) 精细化工产品品种较多，应用领域广泛。
(2) 精细化工产品生产技术较先进，品质要求高。
(3) 精细化工产品附加值和利润率较高。
(4) 精细化工产品生产多以间歇方式小批量生产，生产流程较长，规模小，单元设备投资费用低，但需要精密的工程技术。
(5) 精细化工产品的配方性比较强，配方的微弱差别往往造成产品性能很大变化。"
383,986,浙江开尔新材料股份有限公司的主要原材料有哪些？,浙江开尔新材料股份有限公司,高效节能连续式搪瓷釉料熔炉、纳米自洁搪瓷釉料
384,987,广州中海达卫星导航技术股份有限公司对海外代理商的选择标准是怎样的？,广州中海达卫星导航技术股份有限公司,对于海外代理商的选择，公司设定了较为严格的标准，包括拥有高精度GNSS行业或应用领域经营或从业经验、拥有行业分销渠道、有售后服务能力、具有较高的信用信誉和财务保障能力、拥有一定的社会背景资源。
385,988,深圳市超频三科技股份有限公司目前主要产品是什么？什么是公司未来业务增长的重点产品？,深圳市超频三科技股份有限公司, LED照明散热组件产品是目前公司的主要产品。未来业务增长的重点产品为新型家用小功率LED照明散热组件。
386,992,报告期内，上海真兰仪表科技股份有限公司实际持有的哪些公司由自然人代为持股？何时该部分股份代持予以解除？,上海真兰仪表科技股份有限公司,北京瑞德联由自然人代为持股，2019年7月31日，真诺上海受让了陈红军、涂忠花、朵越实业持有的北京瑞德联共计20%的股份，代持予以解除。
387,996,2007年度，工业业务和贸易业务分别占联化科技股份有限公司毛利比重为多少？,联化科技股份有限公司,根据给定材料，2007年度，工业业务的毛利占比为59.90%，贸易业务的毛利占比为40.10%。因此，答案为“59.90%”和“40.10%”。
388,997,东莞勤上光电股份有限公司实际控制人是谁？持有多少股份？,东莞勤上光电股份有限公司,截至2021年6月30日，勤上光电股份有限公司的前五大股东为东莞勤上集团有限公司、深圳市创新资本投资有限公司、东莞市合盈创业投资有限公司、大庆市中科汇银创业投资有限责任公司和天津达正元股权投资基金合伙企业(有限合伙)，持股比例分别为25.90%、4.37%、4.27%、2.83%和1.88%。
389,999,截至2009年12月31日，兰州海默科技股份有限公司的正式在册员工人数是多少？,兰州海默科技股份有限公司,截至2009年12月31日，的正式在册员工人数是240人。
